po_id,asset_id,product_name,quantity,buyer_id,supplier_id,lender_id,agreed_price,buyer_risk_score,buyer_payment_history,supplier_reliability,payment_terms_days,created_ts,source
PO10000,A1000,medical devices,18524,buyer_beta,supplier_01,lender_north,298.92,0.4131,0.9516,0.896,30,1787244697.85589,erp
PO10001,A1001,textile rolls,10689,buyer_eta,supplier_06,lender_north,1150.37,0.3323,0.6891,0.7372,45,1787622621.8558989,erp
PO10002,A1002,laptop batteries,19465,buyer_alpha,supplier_11,lender_prime,1032.17,0.3519,0.7558,0.8198,45,1786554216.855905,erp
PO10003,A1003,auto components,2603,buyer_alpha,supplier_04,lender_atlas,505.35,0.0745,0.8726,0.7161,90,1786396033.8559098,erp
PO10004,A1004,LED panels,32843,buyer_delta,supplier_03,lender_prime,916.71,0.1171,0.8798,0.5121,60,1787446473.855915,erp
PO10005,A1005,laptop batteries,30235,buyer_epsilon,supplier_07,lender_prime,1146.43,0.1532,0.6813,0.7006,30,1785402201.85592,erp
PO10006,A1006,smartphones,7831,buyer_zeta,supplier_08,lender_atlas,1059.32,0.0759,0.9358,0.8876,45,1786606924.855925,erp
PO10007,A1007,medical devices,24972,buyer_eta,supplier_11,lender_delta,1083.55,0.2361,0.8659,0.7862,90,1786895152.8559291,erp
PO10008,A1008,laptop batteries,6681,buyer_theta,supplier_07,lender_prime,804.42,0.1795,0.7898,0.6977,30,1786055731.855934,erp
PO10009,A1009,medical devices,35927,buyer_beta,supplier_01,lender_prime,1164.04,0.1847,0.435,0.6516,60,1787001253.855938,erp
PO10010,A1010,medical devices,36033,buyer_alpha,supplier_10,lender_prime,907.65,0.074,0.9,0.885,45,1785486194.855943,erp
PO10011,A1011,smartphones,27974,buyer_alpha,supplier_10,lender_atlas,1124.26,0.1992,0.8695,0.882,60,1787358793.855947,erp
PO10012,A1012,laptop batteries,24717,buyer_zeta,supplier_02,lender_atlas,222.99,0.4339,0.7818,0.8766,60,1786732585.855951,erp
PO10013,A1013,textile rolls,13842,buyer_delta,supplier_12,lender_atlas,626.27,0.3289,0.7678,0.8362,90,1787379811.855956,erp
PO10014,A1014,textile rolls,3114,buyer_alpha,supplier_05,lender_atlas,283.69,0.1211,0.8937,0.7165,30,1787162063.8559601,erp
PO10015,A1015,auto components,44403,buyer_zeta,supplier_07,lender_north,349.49,0.6024,0.9663,0.6722,60,1787798591.855965,erp
PO10016,A1016,laptop batteries,38549,buyer_beta,supplier_05,lender_atlas,84.38,0.2343,0.5879,0.7059,90,1787620865.855969,erp
PO10017,A1017,textile rolls,43975,buyer_zeta,supplier_10,lender_prime,874.91,0.2058,0.768,0.7662,30,1786639813.855973,erp
PO10018,A1018,steel coils,38509,buyer_epsilon,supplier_04,lender_atlas,579.39,0.2503,0.9527,0.6305,60,1786972145.855977,erp
PO10019,A1019,smartphones,3528,buyer_delta,supplier_03,lender_north,1181.37,0.3309,0.8334,0.3878,30,1786131164.855981,erp
PO10020,A1020,auto components,46107,buyer_delta,supplier_03,lender_delta,98.25,0.1753,0.7726,0.7847,90,1787246800.855985,erp
PO10021,A1021,textile rolls,49768,buyer_theta,supplier_08,lender_north,1014.24,0.1818,0.8663,0.8535,90,1786204761.85599,erp
PO10022,A1022,steel coils,27748,buyer_zeta,supplier_09,lender_prime,279.93,0.2175,0.8911,0.8733,45,1785866574.8559942,erp
PO10023,A1023,steel coils,32327,buyer_delta,supplier_05,lender_prime,491.07,0.2864,0.8641,0.9391,90,1787152130.855998,erp
PO10024,A1024,steel coils,21953,buyer_alpha,supplier_05,lender_north,567.45,0.2532,0.7745,0.7622,30,1787784207.8560011,erp
PO10025,A1025,auto components,1835,buyer_delta,supplier_04,lender_north,316.71,0.3231,0.6967,0.6496,90,1786250667.8560052,erp
PO10026,A1026,LED panels,45760,buyer_delta,supplier_02,lender_north,158.21,0.3862,0.7996,0.5399,90,1787175585.85601,erp
PO10027,A1027,auto components,35769,buyer_epsilon,supplier_10,lender_delta,579.25,0.5161,0.738,0.8155,60,1786830748.856014,erp
PO10028,A1028,LED panels,46452,buyer_zeta,supplier_05,lender_atlas,684.72,0.3493,0.7973,0.8456,45,1786630035.8560178,erp
PO10029,A1029,LED panels,35294,buyer_zeta,supplier_08,lender_atlas,533.58,0.3365,0.8554,0.8955,90,1786754633.8560221,erp
PO10030,A1030,auto components,13221,buyer_epsilon,supplier_02,lender_atlas,303.88,0.2349,0.8638,0.9088,30,1787277967.8560278,erp
PO10031,A1031,textile rolls,6082,buyer_gamma,supplier_10,lender_north,177.4,0.3174,0.8039,0.6869,45,1787029253.856032,erp
PO10032,A1032,smartphones,10792,buyer_epsilon,supplier_11,lender_north,241.62,0.3009,0.8325,0.8389,45,1786131194.8560379,erp
PO10033,A1033,laptop batteries,42943,buyer_beta,supplier_09,lender_north,1093.76,0.099,0.6328,0.9562,60,1785382198.856042,erp
PO10034,A1034,smartphones,15502,buyer_epsilon,supplier_01,lender_prime,1199.5,0.5849,0.7352,0.8329,30,1787239808.856046,erp
PO10035,A1035,medical devices,32971,buyer_zeta,supplier_07,lender_atlas,808.6,0.2901,0.9624,0.8214,60,1785610762.856051,erp
PO10036,A1036,steel coils,46260,buyer_gamma,supplier_05,lender_delta,180.85,0.1555,0.8564,0.7739,90,1785933723.856055,erp
PO10037,A1037,LED panels,9979,buyer_delta,supplier_08,lender_delta,261.11,0.4431,0.8782,0.792,45,1786041401.8560588,erp
PO10038,A1038,textile rolls,36670,buyer_theta,supplier_06,lender_delta,568.2,0.1598,0.9373,0.8535,45,1785836798.856063,erp
PO10039,A1039,LED panels,39178,buyer_alpha,supplier_03,lender_atlas,1048.85,0.2252,0.8177,0.6704,90,1786586183.8560672,erp
PO10040,A1040,smartphones,40965,buyer_theta,supplier_09,lender_prime,312.33,0.4465,0.9186,0.8708,90,1787303793.856071,erp
PO10041,A1041,steel coils,37588,buyer_delta,supplier_09,lender_north,237.18,0.0771,0.5968,0.8312,60,1786134676.856075,erp
PO10042,A1042,auto components,20299,buyer_epsilon,supplier_08,lender_north,1199.27,0.2681,0.3,0.9044,45,1787116885.8560798,erp
PO10043,A1043,auto components,47746,buyer_epsilon,supplier_11,lender_north,768.77,0.177,0.8453,0.9255,90,1786676444.856085,erp
PO10044,A1044,steel coils,5434,buyer_zeta,supplier_02,lender_north,914.82,0.1311,0.9551,0.7824,60,1785462534.856089,erp
PO10045,A1045,textile rolls,7600,buyer_eta,supplier_11,lender_north,586.91,0.3722,0.8182,0.8914,90,1786011637.856093,erp
PO10046,A1046,medical devices,46144,buyer_zeta,supplier_11,lender_delta,721.31,0.3393,0.8732,0.8285,60,1785630701.856098,erp
PO10047,A1047,steel coils,18580,buyer_zeta,supplier_01,lender_north,1163.12,0.0817,0.7723,0.6459,30,1786751382.856102,erp
PO10048,A1048,LED panels,16926,buyer_gamma,supplier_03,lender_north,167.51,0.1934,0.7603,0.6971,90,1785801104.856106,erp
PO10049,A1049,smartphones,48160,buyer_delta,supplier_10,lender_atlas,571.33,0.2168,0.892,0.8612,60,1786011336.85611,erp
PO10050,A1050,auto components,46491,buyer_eta,supplier_02,lender_prime,1029.24,0.2786,0.8298,0.7907,60,1787274142.856114,erp
PO10051,A1051,smartphones,6094,buyer_theta,supplier_02,lender_prime,540.98,0.5374,0.5825,0.9453,60,1786439445.856118,erp
PO10052,A1052,LED panels,14442,buyer_beta,supplier_10,lender_north,801.81,0.1008,0.6791,0.9697,60,1787792918.856122,erp
PO10053,A1053,medical devices,20749,buyer_gamma,supplier_05,lender_atlas,447.19,0.1174,0.9462,0.8891,60,1785533697.856126,erp
PO10054,A1054,laptop batteries,10816,buyer_beta,supplier_01,lender_prime,821.8,0.1795,0.8972,0.7362,30,1786989435.8561301,erp
PO10055,A1055,smartphones,1003,buyer_eta,supplier_10,lender_north,389.65,0.1985,0.6897,0.6372,30,1786248919.856134,erp
PO10056,A1056,smartphones,30630,buyer_alpha,supplier_07,lender_prime,1040.05,0.2484,0.6839,0.8197,90,1786612971.856138,erp
PO10057,A1057,textile rolls,11518,buyer_zeta,supplier_04,lender_prime,632.16,0.0823,0.9359,0.7304,90,1785968396.856142,erp
PO10058,A1058,LED panels,42639,buyer_theta,supplier_11,lender_atlas,1042.53,0.5167,0.934,0.9342,30,1787535626.856147,erp
PO10059,A1059,LED panels,36827,buyer_eta,supplier_08,lender_prime,561.69,0.5019,0.8829,0.7432,45,1786078265.856151,erp
PO10060,A1060,LED panels,40464,buyer_theta,supplier_09,lender_north,462.12,0.6315,0.7166,0.8755,45,1786447102.8561559,erp
PO10061,A1061,medical devices,43893,buyer_epsilon,supplier_11,lender_delta,189.58,0.3409,0.9429,0.8491,60,1785874788.85616,erp
PO10062,A1062,laptop batteries,10654,buyer_delta,supplier_04,lender_prime,383.12,0.4161,0.7417,0.6317,90,1787731097.856164,erp
PO10063,A1063,medical devices,47658,buyer_eta,supplier_06,lender_north,1164.72,0.2409,0.5464,0.6669,60,1786312667.8561668,erp
PO10064,A1064,auto components,13587,buyer_eta,supplier_03,lender_north,1052.68,0.0819,0.9327,0.6819,30,1786983062.856171,erp
PO10065,A1065,smartphones,27690,buyer_theta,supplier_06,lender_prime,499.89,0.3652,0.6252,0.4608,90,1786032786.8561761,erp
PO10066,A1066,smartphones,17272,buyer_alpha,supplier_02,lender_north,1008.56,0.2828,0.9388,0.9442,30,1785752714.856179,erp
PO10067,A1067,laptop batteries,19588,buyer_delta,supplier_12,lender_delta,41.81,0.2911,0.6286,0.8767,60,1786850470.856183,erp
PO10068,A1068,auto components,4927,buyer_alpha,supplier_06,lender_atlas,319.71,0.3208,0.7541,0.9282,90,1787759235.8561869,erp
PO10069,A1069,smartphones,13572,buyer_epsilon,supplier_04,lender_prime,406.09,0.1318,0.7055,0.7287,90,1786236544.856191,erp
PO10070,A1070,textile rolls,12743,buyer_theta,supplier_07,lender_delta,842.8,0.2703,0.8422,0.7648,45,1786052470.856195,erp
PO10071,A1071,smartphones,48132,buyer_zeta,supplier_08,lender_atlas,753.23,0.2042,0.5675,0.8655,60,1786308549.856199,erp
PO10072,A1072,laptop batteries,45003,buyer_alpha,supplier_10,lender_delta,1140.64,0.2015,0.8549,0.8584,60,1786822622.856203,erp
PO10073,A1073,LED panels,19215,buyer_theta,supplier_04,lender_delta,272.21,0.1773,0.8571,0.8579,45,1786398148.8562071,erp
PO10074,A1074,laptop batteries,9601,buyer_delta,supplier_02,lender_north,956.83,0.0573,0.9354,0.8017,60,1787376082.856212,erp
PO10075,A1075,steel coils,33455,buyer_gamma,supplier_03,lender_prime,1004.41,0.385,0.7041,0.5686,30,1785806412.856216,erp
PO10076,A1076,LED panels,10605,buyer_gamma,supplier_10,lender_north,804.13,0.2699,0.5572,0.7779,60,1786647282.85622,erp
PO10077,A1077,auto components,45391,buyer_theta,supplier_04,lender_delta,385.02,0.3264,0.6101,0.8239,60,1786028614.856225,erp
PO10078,A1078,smartphones,3816,buyer_delta,supplier_03,lender_atlas,1136.65,0.3796,0.7044,0.8176,45,1787011975.856229,erp
PO10079,A1079,smartphones,18938,buyer_zeta,supplier_01,lender_delta,733.12,0.5458,0.7784,0.9443,60,1785593971.856233,erp
PO10080,A1080,steel coils,33546,buyer_epsilon,supplier_02,lender_delta,926.71,0.1488,0.9193,0.9101,90,1785736117.8562372,erp
PO10081,A1081,LED panels,34284,buyer_theta,supplier_03,lender_north,420.44,0.3782,0.7642,0.7767,60,1787802590.856241,erp
PO10082,A1082,medical devices,38410,buyer_theta,supplier_05,lender_north,876.82,0.273,0.9768,0.7279,90,1787653130.856246,erp
PO10083,A1083,laptop batteries,37258,buyer_gamma,supplier_09,lender_atlas,1197.82,0.2516,0.7349,0.8119,60,1786702185.85625,erp
PO10084,A1084,medical devices,32547,buyer_delta,supplier_12,lender_atlas,596.57,0.2389,0.8461,0.5344,60,1785557082.8562539,erp
PO10085,A1085,smartphones,40849,buyer_epsilon,supplier_03,lender_north,321.25,0.3121,0.9184,0.8854,60,1786567282.856259,erp
PO10086,A1086,smartphones,6362,buyer_epsilon,supplier_11,lender_north,660.78,0.2284,0.397,0.9905,30,1786509088.8562639,erp
PO10087,A1087,medical devices,36105,buyer_epsilon,supplier_08,lender_delta,1071.54,0.152,0.6691,0.8625,90,1786120439.856268,erp
PO10088,A1088,steel coils,44360,buyer_zeta,supplier_02,lender_prime,254.35,0.161,0.6363,0.7252,60,1787421879.856273,erp
PO10089,A1089,LED panels,14973,buyer_epsilon,supplier_06,lender_north,1150.54,0.2127,0.6617,0.6696,60,1787586770.856277,erp
PO10090,A1090,auto components,36390,buyer_beta,supplier_01,lender_north,704.33,0.1225,0.9009,0.8351,30,1785570591.85628,erp
PO10091,A1091,auto components,20696,buyer_theta,supplier_11,lender_prime,499.3,0.4282,0.9293,0.4038,90,1786343754.8562849,erp
PO10092,A1092,auto components,25239,buyer_eta,supplier_08,lender_delta,133.09,0.1954,0.6175,0.8003,45,1786876216.856289,erp
PO10093,A1093,laptop batteries,18564,buyer_theta,supplier_06,lender_north,1127.4,0.3598,0.956,0.8679,30,1787326585.8562932,erp
PO10094,A1094,auto components,48440,buyer_epsilon,supplier_04,lender_atlas,709.87,0.5031,0.7358,0.751,30,1786469776.856298,erp
PO10095,A1095,textile rolls,46133,buyer_eta,supplier_09,lender_delta,513.58,0.1811,0.8741,0.662,90,1786895734.856301,erp
PO10096,A1096,textile rolls,42882,buyer_epsilon,supplier_04,lender_prime,1109.78,0.456,0.9014,0.8275,60,1786642694.8563058,erp
PO10097,A1097,laptop batteries,49093,buyer_alpha,supplier_04,lender_prime,906.38,0.3443,0.8274,0.8431,90,1785959794.856309,erp
PO10098,A1098,steel coils,21486,buyer_beta,supplier_12,lender_north,470.02,0.3074,0.6856,0.7427,90,1785604794.856313,erp
PO10099,A1099,auto components,32522,buyer_zeta,supplier_05,lender_delta,574.56,0.5228,0.6866,0.8339,30,1787280892.856318,erp
PO10100,A1100,LED panels,30385,buyer_alpha,supplier_04,lender_atlas,110.12,0.1971,0.5775,0.8853,90,1787162457.856322,erp
PO10101,A1101,LED panels,10258,buyer_beta,supplier_02,lender_north,262.64,0.3448,0.7227,0.4798,30,1787522187.8563251,erp
PO10102,A1102,steel coils,36721,buyer_eta,supplier_07,lender_delta,105.09,0.1989,0.8853,0.8427,60,1787848682.85633,erp
PO10103,A1103,laptop batteries,49799,buyer_delta,supplier_10,lender_delta,1117.49,0.1757,0.8496,0.9545,60,1787689137.856334,erp
PO10104,A1104,laptop batteries,5481,buyer_beta,supplier_07,lender_atlas,742.0,0.2854,0.7455,0.755,60,1786880671.856338,erp
PO10105,A1105,textile rolls,10607,buyer_beta,supplier_02,lender_delta,865.55,0.3837,0.8982,0.8039,60,1785589790.856342,erp
PO10106,A1106,LED panels,21761,buyer_beta,supplier_10,lender_delta,54.32,0.1848,0.8997,0.8701,60,1785883343.8563461,erp
PO10107,A1107,textile rolls,16660,buyer_beta,supplier_06,lender_delta,728.82,0.1792,0.8109,0.9439,45,1785905244.85635,erp
PO10108,A1108,steel coils,21415,buyer_zeta,supplier_03,lender_atlas,892.45,0.2511,0.7877,0.8512,30,1785978173.856354,erp
PO10109,A1109,auto components,19592,buyer_delta,supplier_08,lender_prime,990.0,0.4341,0.5997,0.6456,90,1785634143.8563578,erp
PO10110,A1110,medical devices,35686,buyer_alpha,supplier_06,lender_prime,166.87,0.2463,0.7259,0.908,45,1785772425.8563619,erp
PO10111,A1111,textile rolls,26133,buyer_delta,supplier_08,lender_delta,935.92,0.3508,0.7529,0.7181,90,1786576753.856367,erp
PO10112,A1112,smartphones,47081,buyer_beta,supplier_05,lender_prime,66.2,0.1451,0.8058,0.5934,45,1786101853.856371,erp
PO10113,A1113,medical devices,40746,buyer_eta,supplier_01,lender_north,561.51,0.1227,0.778,0.6112,60,1785410479.856375,erp
PO10114,A1114,steel coils,38969,buyer_eta,supplier_10,lender_prime,443.59,0.3715,0.9159,0.8261,90,1786160135.8563788,erp
PO10115,A1115,steel coils,28224,buyer_gamma,supplier_10,lender_north,604.54,0.3924,0.6374,0.6719,90,1785851909.856383,erp
PO10116,A1116,auto components,29588,buyer_eta,supplier_12,lender_delta,234.01,0.3823,0.544,0.8273,60,1785636404.856386,erp
PO10117,A1117,auto components,3226,buyer_zeta,supplier_09,lender_delta,673.77,0.5289,0.5827,0.6733,90,1787218179.856392,erp
PO10118,A1118,auto components,14062,buyer_gamma,supplier_04,lender_prime,701.29,0.389,0.435,0.7202,60,1787382149.856396,erp
PO10119,A1119,laptop batteries,47121,buyer_gamma,supplier_04,lender_atlas,1001.04,0.4107,0.7477,0.9913,30,1785991481.856401,erp
PO10120,A1120,auto components,35524,buyer_zeta,supplier_02,lender_delta,292.68,0.2984,0.7135,0.5816,30,1787251726.856405,erp
PO10121,A1121,smartphones,28536,buyer_theta,supplier_08,lender_north,1195.01,0.6225,0.668,0.471,90,1787531839.856409,erp
PO10122,A1122,laptop batteries,31748,buyer_beta,supplier_01,lender_prime,193.93,0.4348,0.864,0.7294,45,1786309108.856413,erp
PO10123,A1123,medical devices,9862,buyer_gamma,supplier_11,lender_prime,655.39,0.0289,0.8326,0.6072,90,1786595233.856417,erp
PO10124,A1124,textile rolls,42745,buyer_gamma,supplier_04,lender_prime,327.87,0.3767,0.5015,0.5956,45,1785838647.8564212,erp
PO10125,A1125,laptop batteries,33240,buyer_eta,supplier_02,lender_prime,652.81,0.5377,0.9566,0.7884,90,1786137753.856426,erp
PO10126,A1126,medical devices,35664,buyer_eta,supplier_02,lender_north,361.86,0.264,0.7262,0.7266,45,1787671481.856431,erp
PO10127,A1127,steel coils,8101,buyer_delta,supplier_02,lender_delta,750.26,0.0605,0.5938,0.8788,60,1787419191.856435,erp
PO10128,A1128,auto components,28636,buyer_alpha,supplier_06,lender_atlas,647.67,0.1519,0.9032,0.9535,30,1787729648.856439,erp
PO10129,A1129,smartphones,31417,buyer_alpha,supplier_04,lender_atlas,484.26,0.0769,0.8905,0.8494,60,1787413553.8564422,erp
PO10130,A1130,laptop batteries,34301,buyer_alpha,supplier_03,lender_prime,1146.73,0.1059,0.7119,0.7645,45,1785621921.856447,erp
PO10131,A1131,smartphones,27372,buyer_delta,supplier_03,lender_prime,310.28,0.1256,0.9514,0.9255,60,1787524174.856451,erp
PO10132,A1132,auto components,34562,buyer_alpha,supplier_04,lender_delta,852.98,0.3614,0.899,0.8648,60,1786266194.8564548,erp
PO10133,A1133,steel coils,18322,buyer_zeta,supplier_06,lender_north,126.64,0.136,0.735,0.8984,60,1785383922.856459,erp
PO10134,A1134,auto components,21982,buyer_alpha,supplier_04,lender_north,145.81,0.1651,0.9502,0.8623,45,1787404945.8564632,erp
PO10135,A1135,auto components,15067,buyer_alpha,supplier_01,lender_north,269.83,0.2097,0.7965,0.9461,30,1787209759.856467,erp
PO10136,A1136,steel coils,33014,buyer_eta,supplier_12,lender_prime,483.97,0.2501,0.7371,0.9595,90,1787077770.856471,erp
PO10137,A1137,auto components,36129,buyer_delta,supplier_11,lender_prime,1187.71,0.4098,0.8271,0.9693,60,1785464929.8564749,erp
PO10138,A1138,smartphones,16743,buyer_delta,supplier_03,lender_north,349.17,0.6588,0.5274,0.931,60,1785433164.856479,erp
PO10139,A1139,medical devices,23547,buyer_alpha,supplier_12,lender_north,693.21,0.0831,0.914,0.994,45,1787367044.856483,erp
PO10140,A1140,laptop batteries,21706,buyer_zeta,supplier_12,lender_prime,65.42,0.2341,0.8866,0.8347,45,1786081998.8564868,erp
PO10141,A1141,textile rolls,11916,buyer_theta,supplier_11,lender_atlas,298.96,0.363,0.7258,0.7713,45,1786525335.856492,erp
PO10142,A1142,textile rolls,21439,buyer_beta,supplier_04,lender_north,777.98,0.3981,0.7757,0.8401,45,1786177834.856496,erp
PO10143,A1143,textile rolls,36284,buyer_theta,supplier_07,lender_delta,157.66,0.2252,0.775,0.6998,30,1786496889.8565,erp
PO10144,A1144,smartphones,28767,buyer_theta,supplier_12,lender_north,744.49,0.2819,0.6828,0.6261,30,1786400930.856504,erp
PO10145,A1145,smartphones,19803,buyer_alpha,supplier_07,lender_delta,271.62,0.0626,0.8766,0.7918,90,1786364974.856508,erp
PO10146,A1146,smartphones,17755,buyer_gamma,supplier_08,lender_delta,579.47,0.2996,0.8605,0.609,90,1785512219.856512,erp
PO10147,A1147,textile rolls,5674,buyer_delta,supplier_08,lender_delta,1087.22,0.2368,0.9313,0.8739,90,1787067446.8565161,erp
PO10148,A1148,textile rolls,21455,buyer_gamma,supplier_10,lender_prime,140.95,0.1947,0.9235,0.9317,30,1786714396.856521,erp
PO10149,A1149,textile rolls,25603,buyer_zeta,supplier_07,lender_delta,703.55,0.2802,0.8465,0.8224,60,1787829494.856525,erp
PO10150,A1150,textile rolls,18872,buyer_zeta,supplier_05,lender_delta,1035.55,0.4466,0.8788,0.8185,90,1785882383.856529,erp
PO10151,A1151,LED panels,10918,buyer_zeta,supplier_01,lender_prime,400.9,0.1803,0.9117,0.9231,90,1787394796.856533,erp
PO10152,A1152,textile rolls,32533,buyer_alpha,supplier_04,lender_delta,246.0,0.1209,0.8507,0.5742,45,1786785738.856537,erp
PO10153,A1153,smartphones,45208,buyer_eta,supplier_09,lender_prime,589.95,0.08,0.7006,0.8483,90,1785462840.856541,erp
PO10154,A1154,LED panels,43908,buyer_beta,supplier_01,lender_atlas,691.29,0.2629,0.8154,0.7448,45,1787676226.856545,erp
PO10155,A1155,textile rolls,45114,buyer_eta,supplier_11,lender_north,876.69,0.4162,0.6491,0.8282,90,1786410711.856549,erp
PO10156,A1156,auto components,43597,buyer_epsilon,supplier_03,lender_north,380.79,0.2043,0.9326,0.8298,30,1785940783.856554,erp
PO10157,A1157,LED panels,38531,buyer_alpha,supplier_11,lender_prime,587.77,0.119,0.896,0.4621,45,1786587348.856558,erp
PO10158,A1158,steel coils,22299,buyer_gamma,supplier_02,lender_north,403.56,0.1077,0.6433,0.7085,90,1786306611.856562,erp
PO10159,A1159,LED panels,13568,buyer_alpha,supplier_01,lender_atlas,1142.08,0.526,0.6085,0.7361,30,1787722600.856566,erp
PO10160,A1160,steel coils,48199,buyer_epsilon,supplier_05,lender_atlas,543.05,0.2872,0.9846,0.7913,30,1786340685.856571,erp
PO10161,A1161,LED panels,3684,buyer_epsilon,supplier_09,lender_prime,807.89,0.3959,0.6788,0.6525,45,1786157674.856575,erp
PO10162,A1162,medical devices,40981,buyer_beta,supplier_09,lender_prime,367.94,0.3929,0.8842,0.6981,30,1787541052.856579,erp
PO10163,A1163,medical devices,32881,buyer_beta,supplier_10,lender_north,1141.36,0.3406,0.3357,0.78,30,1787873788.8565829,erp
PO10164,A1164,medical devices,11674,buyer_gamma,supplier_11,lender_atlas,454.73,0.1699,0.8468,0.7991,30,1787358563.8565881,erp
PO10165,A1165,smartphones,27764,buyer_alpha,supplier_03,lender_delta,970.63,0.3892,0.3376,0.8718,30,1787648706.856592,erp
PO10166,A1166,textile rolls,1310,buyer_epsilon,supplier_11,lender_north,1174.36,0.3436,0.7802,0.6234,30,1787865514.856597,erp
PO10167,A1167,auto components,31255,buyer_gamma,supplier_09,lender_delta,1048.52,0.117,0.5244,0.5301,90,1786039217.856601,erp
PO10168,A1168,steel coils,49339,buyer_zeta,supplier_02,lender_prime,159.07,0.2103,0.8581,0.6377,90,1786390589.8566048,erp
PO10169,A1169,smartphones,43682,buyer_theta,supplier_02,lender_north,42.55,0.1487,0.5565,0.8772,90,1787010109.856611,erp
PO10170,A1170,medical devices,22646,buyer_theta,supplier_04,lender_prime,918.29,0.0543,0.8361,0.8447,45,1785487724.8566148,erp
PO10171,A1171,auto components,8913,buyer_gamma,supplier_12,lender_prime,489.39,0.3128,0.8436,0.6284,60,1785592467.8566191,erp
PO10172,A1172,laptop batteries,41405,buyer_delta,supplier_04,lender_atlas,836.47,0.4863,0.6771,0.696,60,1786142740.8566232,erp
PO10173,A1173,smartphones,2156,buyer_alpha,supplier_09,lender_delta,208.58,0.2789,0.5113,0.9514,30,1785330209.856627,erp
PO10174,A1174,medical devices,37283,buyer_delta,supplier_12,lender_delta,315.61,0.4926,0.9286,0.5723,60,1785446490.856632,erp
PO10175,A1175,laptop batteries,19779,buyer_delta,supplier_12,lender_delta,245.81,0.4706,0.7276,0.8525,45,1787746834.8566358,erp
PO10176,A1176,LED panels,3832,buyer_gamma,supplier_06,lender_atlas,609.04,0.2256,0.9177,0.9228,45,1786522336.856642,erp
PO10177,A1177,textile rolls,14816,buyer_zeta,supplier_06,lender_delta,1196.09,0.7785,0.7161,0.7215,60,1785757188.8566458,erp
PO10178,A1178,smartphones,19927,buyer_theta,supplier_08,lender_north,411.56,0.087,0.8376,0.7469,30,1787269463.856651,erp
PO10179,A1179,medical devices,22239,buyer_alpha,supplier_08,lender_prime,141.52,0.0676,0.7644,0.6815,30,1785458138.8566551,erp
PO10180,A1180,auto components,5257,buyer_alpha,supplier_12,lender_atlas,1116.54,0.1295,0.8613,0.908,60,1787310060.856658,erp
PO10181,A1181,auto components,48297,buyer_epsilon,supplier_11,lender_atlas,1150.57,0.0526,0.7728,0.5801,45,1787239265.856663,erp
PO10182,A1182,LED panels,17063,buyer_gamma,supplier_04,lender_north,172.96,0.5607,0.732,0.611,60,1787621557.8566668,erp
PO10183,A1183,steel coils,30033,buyer_delta,supplier_06,lender_atlas,754.96,0.1783,0.8538,0.9053,90,1785973030.856671,erp
PO10184,A1184,auto components,20519,buyer_theta,supplier_06,lender_delta,679.94,0.0874,0.7931,0.8944,90,1785439565.8566751,erp
PO10185,A1185,LED panels,17579,buyer_delta,supplier_01,lender_delta,798.53,0.0701,0.8725,0.9261,45,1785886396.85668,erp
PO10186,A1186,laptop batteries,32458,buyer_zeta,supplier_01,lender_north,112.92,0.2915,0.7685,0.6408,60,1785487400.856684,erp
PO10187,A1187,medical devices,25306,buyer_gamma,supplier_07,lender_atlas,721.71,0.2283,0.7097,0.5004,60,1787027189.856688,erp
PO10188,A1188,laptop batteries,24238,buyer_gamma,supplier_03,lender_prime,806.89,0.3612,0.7066,0.6732,30,1785514085.856692,erp
PO10189,A1189,laptop batteries,17425,buyer_gamma,supplier_01,lender_north,639.3,0.2008,0.7818,0.8086,45,1785771885.8566961,erp
PO10190,A1190,medical devices,45430,buyer_epsilon,supplier_03,lender_atlas,1109.93,0.3449,0.3141,0.6442,30,1787523489.8567,erp
PO10191,A1191,laptop batteries,40049,buyer_theta,supplier_11,lender_prime,1080.48,0.4111,0.7492,0.804,30,1786129725.856704,erp
PO10192,A1192,steel coils,15737,buyer_gamma,supplier_05,lender_prime,368.59,0.1005,0.8672,0.803,90,1785545958.856708,erp
PO10193,A1193,textile rolls,45104,buyer_zeta,supplier_10,lender_delta,915.77,0.2364,0.8563,0.6155,45,1786041202.8567119,erp
PO10194,A1194,laptop batteries,33814,buyer_gamma,supplier_02,lender_delta,951.85,0.3817,0.5772,0.9289,60,1787578646.856716,erp
PO10195,A1195,steel coils,26756,buyer_alpha,supplier_12,lender_atlas,865.46,0.2233,0.6921,0.6827,45,1785334063.85672,erp
PO10196,A1196,smartphones,24075,buyer_gamma,supplier_11,lender_north,799.82,0.1494,0.5914,0.7633,60,1786754599.856724,erp
PO10197,A1197,laptop batteries,30303,buyer_delta,supplier_10,lender_delta,706.89,0.2837,0.5496,0.8349,90,1785552256.856728,erp
PO10198,A1198,auto components,22760,buyer_theta,supplier_04,lender_delta,830.65,0.5472,0.8641,0.8794,60,1786873089.856731,erp
PO10199,A1199,steel coils,44651,buyer_epsilon,supplier_02,lender_atlas,128.19,0.2632,0.8128,0.9099,45,1786421069.856735,erp
PO10200,A1200,smartphones,5643,buyer_gamma,supplier_02,lender_delta,752.04,0.64,0.8737,0.632,30,1785806823.85674,erp
PO10201,A1201,auto components,45479,buyer_zeta,supplier_07,lender_north,570.35,0.136,0.9381,0.8614,90,1786352777.856745,erp
PO10202,A1202,textile rolls,30038,buyer_zeta,supplier_07,lender_north,702.84,0.348,0.8455,0.7477,90,1786655922.85675,erp
PO10203,A1203,auto components,37713,buyer_epsilon,supplier_09,lender_prime,502.15,0.4101,0.7155,0.8912,45,1785494856.8567538,erp
PO10204,A1204,textile rolls,21805,buyer_gamma,supplier_05,lender_delta,938.7,0.2213,0.8553,0.8003,30,1787234881.856758,erp
PO10205,A1205,textile rolls,21266,buyer_zeta,supplier_04,lender_atlas,864.1,0.1987,0.8767,0.8734,60,1787578541.8567622,erp
PO10206,A1206,steel coils,7250,buyer_delta,supplier_03,lender_prime,114.0,0.066,0.8692,0.8897,30,1787766906.856767,erp
PO10207,A1207,auto components,31705,buyer_zeta,supplier_06,lender_delta,1170.98,0.2998,0.7784,0.7946,60,1786458227.856771,erp
PO10208,A1208,laptop batteries,6369,buyer_theta,supplier_09,lender_delta,397.13,0.5432,0.8905,0.6943,90,1786685750.8567748,erp
PO10209,A1209,LED panels,24987,buyer_delta,supplier_01,lender_north,517.61,0.4065,0.8486,0.6189,60,1786182512.856779,erp
PO10210,A1210,laptop batteries,9453,buyer_delta,supplier_02,lender_atlas,168.01,0.2048,0.8973,0.7626,30,1786529193.8567839,erp
PO10211,A1211,smartphones,17965,buyer_beta,supplier_03,lender_delta,122.81,0.172,0.7075,0.7614,90,1786282257.856788,erp
PO10212,A1212,laptop batteries,41732,buyer_epsilon,supplier_06,lender_prime,903.88,0.2947,0.6667,0.9658,30,1786254216.856792,erp
PO10213,A1213,smartphones,38581,buyer_delta,supplier_01,lender_delta,838.55,0.1694,0.9551,0.8811,60,1785572465.8567958,erp
PO10214,A1214,medical devices,13146,buyer_zeta,supplier_08,lender_prime,839.53,0.1216,0.6686,0.5654,45,1787625467.856801,erp
PO10215,A1215,textile rolls,17758,buyer_gamma,supplier_08,lender_atlas,566.73,0.3463,0.7512,0.5155,45,1785343084.856805,erp
PO10216,A1216,steel coils,42502,buyer_epsilon,supplier_06,lender_atlas,168.14,0.2819,0.722,0.8589,30,1787859469.856809,erp
PO10217,A1217,steel coils,5740,buyer_delta,supplier_11,lender_delta,969.18,0.0889,0.8965,0.9138,45,1785523487.856813,erp
PO10218,A1218,medical devices,37078,buyer_gamma,supplier_09,lender_delta,905.49,0.3592,0.5981,0.7649,60,1786592501.856817,erp
PO10219,A1219,steel coils,42000,buyer_zeta,supplier_06,lender_delta,998.34,0.1887,0.8377,0.6854,60,1785592125.856822,erp
PO10220,A1220,smartphones,30670,buyer_gamma,supplier_02,lender_atlas,221.08,0.227,0.7022,0.6468,30,1785417776.856826,erp
PO10221,A1221,medical devices,38267,buyer_epsilon,supplier_01,lender_delta,131.03,0.0873,0.6889,0.5726,30,1786575046.85683,erp
PO10222,A1222,LED panels,46228,buyer_gamma,supplier_06,lender_north,217.71,0.3314,0.8991,0.7529,90,1785809558.856834,erp
PO10223,A1223,laptop batteries,9338,buyer_eta,supplier_12,lender_delta,688.78,0.3534,0.9533,0.9158,90,1786382313.856838,erp
PO10224,A1224,textile rolls,23078,buyer_zeta,supplier_04,lender_prime,932.83,0.0889,0.7197,0.7158,45,1786707718.856842,erp
PO10225,A1225,medical devices,7792,buyer_alpha,supplier_06,lender_atlas,562.07,0.0436,0.7888,0.9547,30,1786842895.856846,erp
PO10226,A1226,textile rolls,13652,buyer_gamma,supplier_01,lender_atlas,101.58,0.1447,0.9218,0.7241,90,1785562663.8568509,erp
PO10227,A1227,laptop batteries,35195,buyer_alpha,supplier_01,lender_atlas,426.94,0.2598,0.6342,0.8422,45,1786480801.8568552,erp
PO10228,A1228,laptop batteries,6253,buyer_eta,supplier_11,lender_delta,644.03,0.3024,0.8569,0.6969,45,1787335083.856859,erp
PO10229,A1229,medical devices,34828,buyer_epsilon,supplier_12,lender_north,538.87,0.463,0.8956,0.7686,90,1786642022.856863,erp
PO10230,A1230,auto components,42236,buyer_theta,supplier_12,lender_atlas,216.27,0.3303,0.7542,0.9116,45,1785807454.856867,erp
PO10231,A1231,medical devices,25007,buyer_theta,supplier_12,lender_north,1028.47,0.3564,0.5904,0.9153,45,1786121058.856871,erp
PO10232,A1232,LED panels,48690,buyer_eta,supplier_01,lender_delta,875.43,0.2102,0.8196,0.9586,30,1787118066.856875,erp
PO10233,A1233,steel coils,20459,buyer_epsilon,supplier_08,lender_atlas,575.16,0.4224,0.704,0.8523,90,1787809868.8568802,erp
PO10234,A1234,LED panels,47203,buyer_gamma,supplier_08,lender_north,1063.76,0.0801,0.8936,0.7101,45,1786326063.856884,erp
PO10235,A1235,auto components,11699,buyer_eta,supplier_01,lender_atlas,695.97,0.2854,0.7604,0.8151,60,1787863153.856888,erp
PO10236,A1236,auto components,33179,buyer_theta,supplier_08,lender_prime,745.26,0.2285,0.9835,0.8635,60,1787760337.8568919,erp
PO10237,A1237,medical devices,38385,buyer_gamma,supplier_01,lender_atlas,424.09,0.1197,0.793,0.9694,60,1786368464.856896,erp
PO10238,A1238,auto components,28505,buyer_eta,supplier_02,lender_prime,379.69,0.1519,0.7344,0.7446,60,1786123164.8569002,erp
PO10239,A1239,LED panels,38192,buyer_zeta,supplier_05,lender_atlas,1115.44,0.2593,0.9121,0.7187,45,1785333568.856904,erp
PO10240,A1240,smartphones,22375,buyer_eta,supplier_07,lender_atlas,690.08,0.1042,0.9852,0.6895,45,1787100596.856908,erp
PO10241,A1241,medical devices,31898,buyer_zeta,supplier_06,lender_delta,964.82,0.3026,0.634,0.8847,60,1785585775.856912,erp
PO10242,A1242,LED panels,45424,buyer_alpha,supplier_04,lender_atlas,967.46,0.0464,0.752,0.8818,90,1787550300.856916,erp
PO10243,A1243,textile rolls,30116,buyer_theta,supplier_04,lender_atlas,290.72,0.1362,0.5587,0.8687,45,1787502260.85692,erp
PO10244,A1244,medical devices,2895,buyer_gamma,supplier_04,lender_delta,489.6,0.1242,0.9097,0.9118,60,1786754004.8569238,erp
PO10245,A1245,medical devices,8210,buyer_zeta,supplier_08,lender_atlas,213.21,0.4194,0.6319,0.6624,90,1787701595.856928,erp
PO10246,A1246,steel coils,44769,buyer_gamma,supplier_01,lender_prime,162.88,0.1092,0.7046,0.6245,30,1785961089.856933,erp
PO10247,A1247,auto components,46283,buyer_gamma,supplier_02,lender_delta,152.83,0.1425,0.7551,0.7392,30,1786212786.856938,erp
PO10248,A1248,LED panels,43062,buyer_beta,supplier_06,lender_prime,959.22,0.3043,0.8291,0.7144,60,1785630445.8569422,erp
PO10249,A1249,medical devices,44383,buyer_delta,supplier_03,lender_prime,897.67,0.5261,0.7645,0.6675,90,1786541107.8569448,erp
PO10250,A1250,medical devices,4529,buyer_theta,supplier_11,lender_prime,292.43,0.0885,0.8425,0.8969,60,1785522444.856949,erp
PO10251,A1251,medical devices,23061,buyer_epsilon,supplier_07,lender_prime,715.96,0.2184,0.5895,0.9344,90,1786580034.856954,erp
PO10252,A1252,steel coils,29020,buyer_eta,supplier_07,lender_north,808.49,0.2857,0.9579,0.711,90,1785379195.856958,erp
PO10253,A1253,laptop batteries,30279,buyer_eta,supplier_10,lender_delta,680.38,0.3393,0.8824,0.8127,90,1786368426.856962,erp
PO10254,A1254,steel coils,45752,buyer_beta,supplier_10,lender_prime,204.82,0.397,0.7121,0.8034,90,1786009997.856967,erp
PO10255,A1255,medical devices,22226,buyer_theta,supplier_10,lender_delta,449.38,0.12,0.7869,0.8637,30,1786711364.856971,erp
PO10256,A1256,laptop batteries,33634,buyer_theta,supplier_02,lender_prime,1027.68,0.2248,0.8604,0.7613,30,1786476348.856975,erp
PO10257,A1257,LED panels,10602,buyer_beta,supplier_03,lender_delta,913.2,0.1986,0.8019,0.6237,45,1786321357.856979,erp
PO10258,A1258,textile rolls,10012,buyer_eta,supplier_08,lender_delta,53.76,0.3037,0.9103,0.7096,45,1785445068.8569841,erp
PO10259,A1259,textile rolls,44914,buyer_delta,supplier_09,lender_north,403.39,0.0792,0.6903,0.8909,30,1787411136.856988,erp
PO10260,A1260,laptop batteries,25138,buyer_beta,supplier_10,lender_north,1079.36,0.374,0.8772,0.9088,30,1786751329.856993,erp
PO10261,A1261,steel coils,22300,buyer_alpha,supplier_07,lender_prime,339.56,0.1198,0.79,0.8201,30,1787608510.856997,erp
PO10262,A1262,medical devices,16923,buyer_beta,supplier_10,lender_delta,61.77,0.2944,0.9864,0.8599,30,1785648892.857001,erp
PO10263,A1263,steel coils,45671,buyer_delta,supplier_01,lender_delta,180.6,0.3279,0.5287,0.6854,60,1787062407.8570051,erp
PO10264,A1264,smartphones,25676,buyer_gamma,supplier_09,lender_north,386.69,0.1846,0.9807,0.539,90,1785674850.857009,erp
PO10265,A1265,smartphones,22735,buyer_theta,supplier_01,lender_prime,431.75,0.477,0.6618,0.6387,30,1786896472.857013,erp
PO10266,A1266,laptop batteries,41962,buyer_gamma,supplier_01,lender_prime,1089.41,0.5128,0.6017,0.4832,90,1786554417.857017,erp
PO10267,A1267,LED panels,36275,buyer_beta,supplier_11,lender_north,413.04,0.1371,0.8672,0.8828,90,1787252690.8570209,erp
PO10268,A1268,smartphones,916,buyer_alpha,supplier_08,lender_prime,248.12,0.0529,0.7653,0.8344,30,1785413411.857025,erp
PO10269,A1269,steel coils,40611,buyer_gamma,supplier_12,lender_prime,767.54,0.5743,0.4902,0.627,45,1787441746.8570292,erp
PO10270,A1270,auto components,31591,buyer_gamma,supplier_11,lender_delta,244.54,0.3542,0.9687,0.9419,90,1785428365.857033,erp
PO10271,A1271,laptop batteries,49461,buyer_zeta,supplier_07,lender_atlas,306.87,0.1438,0.9114,0.7693,45,1786289775.857037,erp
PO10272,A1272,steel coils,47674,buyer_zeta,supplier_03,lender_north,773.14,0.2286,0.9339,0.7425,45,1785489539.857041,erp
PO10273,A1273,steel coils,34694,buyer_delta,supplier_02,lender_delta,1040.15,0.1603,0.8598,0.9358,30,1786128851.8570461,erp
PO10274,A1274,auto components,46155,buyer_eta,supplier_08,lender_prime,564.83,0.4237,0.9124,0.4965,30,1786006616.8570502,erp
PO10275,A1275,auto components,46580,buyer_theta,supplier_03,lender_delta,254.54,0.4696,0.8781,0.7875,30,1786506351.857054,erp
PO10276,A1276,medical devices,24354,buyer_alpha,supplier_09,lender_prime,168.72,0.2431,0.6907,0.5159,60,1786792976.857058,erp
PO10277,A1277,smartphones,4652,buyer_eta,supplier_05,lender_atlas,440.46,0.3917,0.8776,0.6909,30,1787124344.8570619,erp
PO10278,A1278,smartphones,26103,buyer_theta,supplier_02,lender_north,374.51,0.1792,0.8562,0.8409,30,1786691646.857066,erp
PO10279,A1279,smartphones,15725,buyer_delta,supplier_02,lender_atlas,517.56,0.2427,0.8335,0.8374,90,1786354485.85707,erp
PO10280,A1280,laptop batteries,23642,buyer_epsilon,supplier_01,lender_atlas,568.87,0.1043,0.9216,0.8169,45,1787053873.857074,erp
PO10281,A1281,textile rolls,23034,buyer_alpha,supplier_11,lender_north,472.58,0.34,0.8974,0.6094,60,1786674701.857078,erp
PO10282,A1282,auto components,38099,buyer_theta,supplier_05,lender_north,967.51,0.4339,0.6899,0.7239,60,1787683529.8570821,erp
PO10283,A1283,LED panels,15058,buyer_delta,supplier_10,lender_atlas,267.03,0.0741,0.7713,0.7133,90,1786350589.857086,erp
PO10284,A1284,textile rolls,23526,buyer_alpha,supplier_05,lender_atlas,1173.93,0.4507,0.8931,0.9645,90,1787543378.8570912,erp
PO10285,A1285,medical devices,18412,buyer_alpha,supplier_07,lender_delta,242.88,0.1724,0.8489,0.8767,45,1786812609.857096,erp
PO10286,A1286,auto components,42217,buyer_epsilon,supplier_11,lender_delta,184.05,0.4574,0.6765,0.7762,90,1787412786.857101,erp
PO10287,A1287,medical devices,38200,buyer_zeta,supplier_09,lender_prime,1020.52,0.1593,0.7867,0.9096,60,1786588074.857106,erp
PO10288,A1288,medical devices,46241,buyer_epsilon,supplier_05,lender_atlas,151.17,0.6177,0.8162,0.7986,30,1786163879.857111,erp
PO10289,A1289,smartphones,9100,buyer_theta,supplier_02,lender_prime,596.24,0.1319,0.8507,0.7309,45,1786964034.8571148,erp
PO10290,A1290,laptop batteries,9033,buyer_epsilon,supplier_03,lender_prime,532.77,0.0446,0.5241,0.9098,45,1785449771.857119,erp
PO10291,A1291,medical devices,23538,buyer_delta,supplier_03,lender_prime,145.3,0.6032,0.7963,0.889,60,1787193886.8571231,erp
PO10292,A1292,smartphones,14525,buyer_alpha,supplier_12,lender_delta,465.1,0.3482,0.8892,0.8554,60,1785577575.857128,erp
PO10293,A1293,textile rolls,32855,buyer_alpha,supplier_02,lender_prime,486.35,0.2085,0.4696,0.7724,90,1786077007.857132,erp
PO10294,A1294,laptop batteries,26374,buyer_beta,supplier_02,lender_delta,846.24,0.2913,0.7893,0.7959,90,1786420776.857136,erp
PO10295,A1295,LED panels,27005,buyer_theta,supplier_11,lender_delta,633.24,0.2041,0.9494,0.9774,60,1787273733.85714,erp
PO10296,A1296,LED panels,6813,buyer_epsilon,supplier_10,lender_prime,806.85,0.2852,0.7599,0.6502,30,1786305296.857144,erp
PO10297,A1297,auto components,25163,buyer_theta,supplier_06,lender_delta,573.2,0.0327,0.929,0.6936,90,1785918241.857148,erp
PO10298,A1298,smartphones,26149,buyer_gamma,supplier_09,lender_atlas,613.84,0.2486,0.6828,0.6541,60,1786415455.857152,erp
PO10299,A1299,smartphones,43835,buyer_eta,supplier_06,lender_north,327.23,0.3956,0.5646,0.8713,30,1786586799.857156,erp
PO10300,A1300,steel coils,21630,buyer_eta,supplier_10,lender_prime,977.66,0.1203,0.7875,0.5478,45,1786709100.8571599,erp
PO10301,A1301,textile rolls,38086,buyer_epsilon,supplier_01,lender_delta,973.34,0.2673,0.7688,0.9314,60,1786098598.8571641,erp
PO10302,A1302,steel coils,26865,buyer_zeta,supplier_04,lender_atlas,764.96,0.3432,0.7881,0.7578,90,1785539892.857168,erp
PO10303,A1303,laptop batteries,24373,buyer_alpha,supplier_09,lender_delta,211.38,0.1562,0.93,0.6915,45,1786212031.857172,erp
PO10304,A1304,laptop batteries,13077,buyer_delta,supplier_02,lender_prime,324.88,0.4436,0.9154,0.6413,30,1785876588.857175,erp
PO10305,A1305,auto components,6000,buyer_alpha,supplier_01,lender_atlas,737.86,0.5319,0.9227,0.8152,60,1785832090.857179,erp
PO10306,A1306,LED panels,8513,buyer_beta,supplier_04,lender_atlas,421.97,0.241,0.8871,0.7264,60,1787440562.857183,erp
PO10307,A1307,steel coils,31620,buyer_zeta,supplier_09,lender_north,1157.45,0.5607,0.8311,0.8844,90,1786842571.857188,erp
PO10308,A1308,auto components,15931,buyer_epsilon,supplier_02,lender_atlas,284.05,0.4924,0.9712,0.8515,60,1786142825.857192,erp
PO10309,A1309,medical devices,17602,buyer_beta,supplier_03,lender_prime,448.15,0.2515,0.8385,0.8811,45,1785422872.857197,erp
PO10310,A1310,steel coils,31850,buyer_eta,supplier_06,lender_north,342.39,0.2703,0.5065,0.8466,30,1785974806.8572009,erp
PO10311,A1311,medical devices,11559,buyer_delta,supplier_05,lender_prime,505.2,0.3876,0.7492,0.6103,60,1785841665.857205,erp
PO10312,A1312,steel coils,14040,buyer_eta,supplier_03,lender_north,1194.44,0.1965,0.796,0.8692,45,1786305860.8572092,erp
PO10313,A1313,LED panels,17292,buyer_eta,supplier_12,lender_prime,150.52,0.1042,0.8078,0.7247,60,1787201885.857214,erp
PO10314,A1314,steel coils,9145,buyer_theta,supplier_06,lender_prime,408.09,0.4189,0.4464,0.7553,60,1786086582.857218,erp
PO10315,A1315,medical devices,32696,buyer_gamma,supplier_06,lender_north,684.58,0.4319,0.7851,0.879,90,1785994373.8572218,erp
PO10316,A1316,auto components,47670,buyer_theta,supplier_02,lender_north,183.44,0.1444,0.7442,0.814,90,1787518812.857226,erp
PO10317,A1317,textile rolls,45150,buyer_zeta,supplier_01,lender_prime,497.24,0.4817,0.9879,0.8646,45,1787027820.8572302,erp
PO10318,A1318,textile rolls,21679,buyer_alpha,supplier_11,lender_prime,902.81,0.4471,0.7631,0.7523,45,1787408515.857234,erp
PO10319,A1319,auto components,28835,buyer_epsilon,supplier_08,lender_atlas,1088.33,0.4751,0.756,0.8243,45,1786093584.857238,erp
PO10320,A1320,smartphones,34142,buyer_eta,supplier_02,lender_atlas,1169.0,0.2935,0.9348,0.7428,60,1786871428.857242,erp
PO10321,A1321,LED panels,3627,buyer_eta,supplier_05,lender_prime,1104.07,0.2956,0.8651,0.6882,30,1787565011.857246,erp
PO10322,A1322,textile rolls,21074,buyer_eta,supplier_12,lender_delta,918.53,0.2862,0.956,0.7531,90,1787424972.85725,erp
PO10323,A1323,medical devices,31768,buyer_alpha,supplier_03,lender_delta,842.5,0.4743,0.8478,0.8762,30,1787114075.857253,erp
PO10324,A1324,medical devices,12835,buyer_beta,supplier_01,lender_prime,282.71,0.3559,0.8916,0.8962,90,1785879923.857257,erp
PO10325,A1325,auto components,29959,buyer_theta,supplier_01,lender_north,273.55,0.2665,0.8042,0.7362,90,1786941673.857261,erp
PO10326,A1326,smartphones,28156,buyer_alpha,supplier_09,lender_atlas,681.78,0.1545,0.8954,0.7687,60,1785388966.857266,erp
PO10327,A1327,textile rolls,47882,buyer_theta,supplier_03,lender_delta,1153.37,0.3921,0.7941,0.9345,90,1787491136.85727,erp
PO10328,A1328,textile rolls,15882,buyer_eta,supplier_08,lender_north,685.92,0.2497,0.8383,0.7199,60,1787718582.857274,erp
PO10329,A1329,auto components,45728,buyer_epsilon,supplier_03,lender_prime,859.43,0.3849,0.7447,0.7298,30,1787267193.857279,erp
PO10330,A1330,auto components,9529,buyer_zeta,supplier_06,lender_prime,1024.37,0.1826,0.8378,0.8082,45,1785692842.857284,erp
PO10331,A1331,laptop batteries,28603,buyer_eta,supplier_04,lender_delta,1104.9,0.5392,0.8246,0.5894,90,1787758774.857288,erp
PO10332,A1332,smartphones,41893,buyer_gamma,supplier_10,lender_atlas,526.39,0.3834,0.533,0.8323,90,1786466270.8572931,erp
PO10333,A1333,textile rolls,6023,buyer_eta,supplier_04,lender_prime,663.42,0.1363,0.7809,0.9617,60,1786902104.857297,erp
PO10334,A1334,steel coils,33613,buyer_epsilon,supplier_12,lender_prime,889.1,0.2093,0.9856,0.6763,45,1786444936.857301,erp
PO10335,A1335,medical devices,47348,buyer_epsilon,supplier_05,lender_north,868.65,0.3221,0.9507,0.6353,60,1785707081.857305,erp
PO10336,A1336,LED panels,34509,buyer_eta,supplier_10,lender_delta,1051.54,0.3279,0.7953,0.6885,30,1787256523.8573089,erp
PO10337,A1337,LED panels,27279,buyer_zeta,supplier_02,lender_prime,180.21,0.4179,0.9068,0.3908,30,1785617819.857314,erp
PO10338,A1338,auto components,3428,buyer_zeta,supplier_02,lender_delta,598.16,0.2253,0.9418,0.7323,60,1787539742.857318,erp
PO10339,A1339,laptop batteries,26412,buyer_eta,supplier_07,lender_atlas,667.55,0.267,0.695,0.8232,30,1785522578.857322,erp
PO10340,A1340,LED panels,1723,buyer_delta,supplier_08,lender_prime,803.58,0.3449,0.8186,0.747,30,1786488475.857326,erp
PO10341,A1341,steel coils,2076,buyer_eta,supplier_03,lender_atlas,483.13,0.091,0.8605,0.7178,30,1786572005.8573298,erp
PO10342,A1342,textile rolls,17403,buyer_gamma,supplier_07,lender_delta,1132.23,0.2182,0.8622,0.9658,30,1786785419.857334,erp
PO10343,A1343,auto components,36853,buyer_beta,supplier_04,lender_north,393.35,0.2017,0.9949,0.8119,90,1786440403.857339,erp
PO10344,A1344,auto components,33944,buyer_delta,supplier_10,lender_atlas,92.76,0.4542,0.6404,0.6761,60,1786015519.857343,erp
PO10345,A1345,medical devices,21578,buyer_epsilon,supplier_04,lender_atlas,284.32,0.1091,0.7393,0.9426,90,1785392276.8573482,erp
PO10346,A1346,laptop batteries,46180,buyer_zeta,supplier_07,lender_prime,184.73,0.5286,0.7418,0.9721,45,1787884428.857352,erp
PO10347,A1347,steel coils,7770,buyer_delta,supplier_11,lender_atlas,700.16,0.2286,0.9526,0.5869,60,1787109673.857356,erp
PO10348,A1348,medical devices,35426,buyer_alpha,supplier_12,lender_atlas,829.59,0.206,0.7799,0.7744,45,1787717372.85736,erp
PO10349,A1349,LED panels,29916,buyer_epsilon,supplier_07,lender_atlas,45.98,0.1346,0.8477,0.8034,30,1787797450.857364,erp
PO10350,A1350,auto components,2074,buyer_theta,supplier_07,lender_atlas,1014.99,0.1123,0.6669,0.8525,30,1786331447.857368,erp
PO10351,A1351,smartphones,8858,buyer_zeta,supplier_12,lender_prime,1106.17,0.2166,0.8767,0.7888,30,1786012612.8573718,erp
PO10352,A1352,auto components,28556,buyer_eta,supplier_08,lender_prime,433.96,0.3383,0.7666,0.5984,45,1787336915.857376,erp
PO10353,A1353,laptop batteries,20925,buyer_alpha,supplier_01,lender_delta,635.23,0.3175,0.6271,0.8916,30,1786144104.8573802,erp
PO10354,A1354,laptop batteries,42479,buyer_zeta,supplier_04,lender_north,950.91,0.167,0.7654,0.9115,30,1785834272.857384,erp
PO10355,A1355,medical devices,15116,buyer_delta,supplier_01,lender_north,581.18,0.1117,0.868,0.8935,60,1787730206.857388,erp
PO10356,A1356,laptop batteries,19118,buyer_alpha,supplier_04,lender_north,293.98,0.2424,0.6446,0.7628,60,1787195621.8573928,erp
PO10357,A1357,smartphones,8265,buyer_eta,supplier_12,lender_north,1063.96,0.1121,0.6723,0.9299,60,1787383951.857397,erp
PO10358,A1358,medical devices,5835,buyer_theta,supplier_04,lender_delta,957.56,0.3515,0.8199,0.8239,90,1786788876.8574011,erp
PO10359,A1359,auto components,38771,buyer_eta,supplier_11,lender_prime,280.35,0.1745,0.8034,0.82,30,1785962944.857405,erp
PO10360,A1360,steel coils,31141,buyer_zeta,supplier_07,lender_delta,514.39,0.2879,0.5308,0.9017,60,1786865681.85741,erp
PO10361,A1361,auto components,45296,buyer_epsilon,supplier_12,lender_atlas,261.15,0.2126,0.6463,0.6702,45,1786247098.857414,erp
PO10362,A1362,medical devices,49595,buyer_delta,supplier_04,lender_north,590.35,0.2121,0.8407,0.9133,30,1786342750.8574169,erp
PO10363,A1363,auto components,8911,buyer_gamma,supplier_10,lender_atlas,1134.29,0.018,0.8003,0.9693,45,1787269729.8574212,erp
PO10364,A1364,medical devices,40018,buyer_zeta,supplier_10,lender_delta,1177.0,0.144,0.686,0.6223,90,1787801788.857425,erp
PO10365,A1365,smartphones,25789,buyer_gamma,supplier_04,lender_atlas,278.84,0.1929,0.8057,0.7928,90,1787248380.85743,erp
PO10366,A1366,laptop batteries,33430,buyer_epsilon,supplier_10,lender_delta,359.51,0.0526,0.8795,0.7406,60,1786274005.857435,erp
PO10367,A1367,laptop batteries,12268,buyer_gamma,supplier_07,lender_delta,571.08,0.2667,0.7965,0.7546,30,1787473013.857439,erp
PO10368,A1368,steel coils,11302,buyer_zeta,supplier_07,lender_atlas,280.55,0.3435,0.953,0.7484,90,1787628149.857443,erp
PO10369,A1369,medical devices,16378,buyer_beta,supplier_09,lender_delta,202.7,0.5738,0.6376,0.5344,60,1787168021.857447,erp
PO10370,A1370,smartphones,44739,buyer_delta,supplier_12,lender_north,552.79,0.0657,0.7259,0.8392,45,1786342983.857451,erp
PO10371,A1371,smartphones,1551,buyer_delta,supplier_04,lender_delta,72.42,0.0289,0.8422,0.6798,90,1786119696.857455,erp
PO10372,A1372,laptop batteries,7439,buyer_beta,supplier_04,lender_atlas,415.11,0.0526,0.9409,0.7603,45,1786857643.85746,erp
PO10373,A1373,textile rolls,41844,buyer_beta,supplier_10,lender_delta,826.36,0.1291,0.7036,0.7701,45,1787825381.857465,erp
PO10374,A1374,laptop batteries,48859,buyer_beta,supplier_05,lender_delta,918.41,0.3581,0.9335,0.6816,60,1786582503.8574688,erp
PO10375,A1375,auto components,27690,buyer_alpha,supplier_09,lender_atlas,910.64,0.1877,0.495,0.9339,30,1785852259.8574731,erp
PO10376,A1376,smartphones,42073,buyer_beta,supplier_04,lender_north,1128.4,0.1077,0.7403,0.7267,60,1786717500.8574772,erp
PO10377,A1377,laptop batteries,18316,buyer_theta,supplier_11,lender_delta,132.82,0.1326,0.8644,0.7938,45,1786835197.857481,erp
PO10378,A1378,textile rolls,30227,buyer_eta,supplier_08,lender_atlas,475.17,0.4467,0.9641,0.5165,60,1786303587.857485,erp
PO10379,A1379,medical devices,39055,buyer_theta,supplier_05,lender_prime,514.19,0.069,0.814,0.8241,30,1786298152.8574889,erp
PO10380,A1380,laptop batteries,16382,buyer_eta,supplier_12,lender_delta,80.03,0.3946,0.8208,0.9703,90,1786246421.857493,erp
PO10381,A1381,laptop batteries,28218,buyer_beta,supplier_09,lender_north,1002.51,0.1905,0.6966,0.6092,90,1786622090.857497,erp
PO10382,A1382,auto components,32725,buyer_alpha,supplier_03,lender_prime,152.37,0.4415,0.8835,0.9201,45,1787135734.857501,erp
PO10383,A1383,medical devices,12475,buyer_delta,supplier_01,lender_north,340.85,0.3878,0.6871,0.9539,30,1785471403.857505,erp
PO10384,A1384,laptop batteries,34731,buyer_alpha,supplier_02,lender_prime,475.77,0.3422,0.8765,0.8506,90,1786327082.8575091,erp
PO10385,A1385,auto components,22143,buyer_alpha,supplier_06,lender_prime,43.58,0.4603,0.8417,0.8103,60,1787844604.857513,erp
PO10386,A1386,auto components,48722,buyer_zeta,supplier_01,lender_atlas,826.4,0.1233,0.6683,0.5971,30,1787378067.8575182,erp
PO10387,A1387,textile rolls,44609,buyer_theta,supplier_02,lender_delta,234.94,0.2102,0.6238,0.8944,90,1786738450.857522,erp
PO10388,A1388,textile rolls,44142,buyer_delta,supplier_12,lender_delta,1143.74,0.2033,0.8383,0.9469,90,1785557577.857526,erp
PO10389,A1389,laptop batteries,17479,buyer_eta,supplier_04,lender_prime,377.53,0.096,0.7313,0.8664,90,1786573677.85753,erp
PO10390,A1390,auto components,8777,buyer_zeta,supplier_11,lender_north,163.64,0.0353,0.6407,0.4995,30,1785402470.857534,erp
PO10391,A1391,LED panels,45628,buyer_zeta,supplier_05,lender_prime,357.2,0.4417,0.9313,0.4464,45,1787693877.857538,erp
PO10392,A1392,medical devices,26177,buyer_gamma,supplier_08,lender_atlas,1181.89,0.3913,0.8411,0.7519,30,1786638978.857543,erp
PO10393,A1393,laptop batteries,38324,buyer_theta,supplier_11,lender_north,552.59,0.3449,0.7663,0.7296,30,1787422168.857547,erp
PO10394,A1394,steel coils,10236,buyer_zeta,supplier_10,lender_delta,324.2,0.1372,0.5252,0.8226,90,1786760017.857551,erp
PO10395,A1395,smartphones,8364,buyer_theta,supplier_06,lender_prime,135.86,0.2614,0.8696,0.8408,90,1786662930.857555,erp
PO10396,A1396,textile rolls,4661,buyer_gamma,supplier_02,lender_north,510.18,0.2701,0.5844,0.7361,30,1787156596.857559,erp
PO10397,A1397,LED panels,29809,buyer_gamma,supplier_01,lender_atlas,182.73,0.1761,0.7819,0.8502,60,1785722135.857564,erp
PO10398,A1398,LED panels,33962,buyer_zeta,supplier_10,lender_north,838.0,0.0986,0.6866,0.7214,90,1787565164.857568,erp
PO10399,A1399,steel coils,46015,buyer_epsilon,supplier_11,lender_north,661.65,0.1225,0.7663,0.7178,45,1787589195.857572,erp
PO10400,A1400,LED panels,7708,buyer_epsilon,supplier_02,lender_delta,116.51,0.3818,0.825,0.7408,60,1785601021.8575768,erp
PO10401,A1401,smartphones,3643,buyer_epsilon,supplier_10,lender_north,408.88,0.3033,0.8026,0.7491,60,1787692626.8575811,erp
PO10402,A1402,auto components,16825,buyer_zeta,supplier_12,lender_delta,859.87,0.0971,0.4867,0.9229,45,1787521629.857586,erp
PO10403,A1403,smartphones,6043,buyer_gamma,supplier_10,lender_atlas,682.83,0.2632,0.6785,0.6819,60,1786889997.85759,erp
PO10404,A1404,steel coils,11544,buyer_alpha,supplier_10,lender_north,242.78,0.2467,0.6932,0.9049,60,1787020693.857594,erp
PO10405,A1405,medical devices,37779,buyer_alpha,supplier_12,lender_delta,292.26,0.1641,0.5148,0.8177,30,1786447517.857598,erp
PO10406,A1406,textile rolls,1080,buyer_gamma,supplier_07,lender_prime,539.73,0.1065,0.8236,0.8075,90,1787889987.857604,erp
PO10407,A1407,laptop batteries,7752,buyer_zeta,supplier_12,lender_north,370.48,0.1413,0.931,0.9136,90,1785809409.8576078,erp
PO10408,A1408,smartphones,7569,buyer_eta,supplier_03,lender_prime,186.3,0.4347,0.9322,0.9033,30,1786809029.8576121,erp
PO10409,A1409,auto components,28625,buyer_delta,supplier_11,lender_north,589.72,0.4943,0.9274,0.8562,90,1786206028.857616,erp
PO10410,A1410,medical devices,15666,buyer_epsilon,supplier_12,lender_north,429.97,0.2267,0.7909,0.6047,90,1786739283.85762,erp
PO10411,A1411,laptop batteries,17032,buyer_beta,supplier_07,lender_delta,461.75,0.4598,0.7601,0.8705,45,1785463511.857624,erp
PO10412,A1412,smartphones,9051,buyer_eta,supplier_02,lender_prime,87.61,0.2957,0.9282,0.4862,60,1786379191.8576288,erp
PO10413,A1413,medical devices,8195,buyer_theta,supplier_11,lender_delta,118.54,0.2341,0.7704,0.8481,30,1787220123.857633,erp
PO10414,A1414,steel coils,37363,buyer_theta,supplier_09,lender_delta,504.98,0.2614,0.6718,0.8785,60,1785598468.8576362,erp
PO10415,A1415,laptop batteries,3489,buyer_beta,supplier_03,lender_north,378.54,0.4003,0.9568,0.8823,60,1786552738.857641,erp
PO10416,A1416,auto components,1182,buyer_alpha,supplier_11,lender_atlas,294.36,0.3517,0.879,0.9326,90,1786368168.857646,erp
PO10417,A1417,smartphones,33003,buyer_gamma,supplier_08,lender_north,572.89,0.4026,0.5412,0.7346,90,1787493945.8576498,erp
PO10418,A1418,auto components,1272,buyer_gamma,supplier_12,lender_prime,478.34,0.0308,0.8557,0.9325,60,1787557987.857654,erp
PO10419,A1419,steel coils,37387,buyer_delta,supplier_03,lender_delta,985.94,0.2493,0.7047,0.9263,60,1786711236.8576581,erp
PO10420,A1420,steel coils,45507,buyer_delta,supplier_11,lender_prime,610.51,0.1013,0.7632,0.6715,60,1786453121.857663,erp
PO10421,A1421,steel coils,43867,buyer_beta,supplier_05,lender_atlas,1122.14,0.3992,0.5938,0.8649,45,1786299476.857667,erp
PO10422,A1422,steel coils,28276,buyer_zeta,supplier_06,lender_delta,844.37,0.2723,0.8346,0.7506,45,1787548403.857671,erp
PO10423,A1423,smartphones,13822,buyer_delta,supplier_06,lender_prime,460.38,0.3941,0.766,0.8167,45,1787680039.857675,erp
PO10424,A1424,medical devices,46634,buyer_gamma,supplier_02,lender_north,477.85,0.0572,0.621,0.5324,45,1787149213.8576791,erp
PO10425,A1425,laptop batteries,49527,buyer_theta,supplier_12,lender_atlas,585.41,0.5355,0.9102,0.6491,60,1786960929.857683,erp
PO10426,A1426,textile rolls,6525,buyer_eta,supplier_03,lender_delta,1174.39,0.0994,0.6685,0.8929,90,1787223033.857687,erp
PO10427,A1427,medical devices,28301,buyer_alpha,supplier_06,lender_north,353.11,0.0725,0.8967,0.7006,30,1786906318.8576908,erp
PO10428,A1428,LED panels,37514,buyer_epsilon,supplier_02,lender_prime,693.94,0.2415,0.5739,0.8466,30,1785808073.8576949,erp
PO10429,A1429,LED panels,25542,buyer_gamma,supplier_01,lender_delta,720.18,0.098,0.7465,0.8748,90,1787746530.8577,erp
PO10430,A1430,laptop batteries,40502,buyer_eta,supplier_04,lender_prime,1151.3,0.2288,0.8675,0.6972,30,1787162795.857704,erp
PO10431,A1431,steel coils,17278,buyer_theta,supplier_05,lender_delta,794.34,0.1121,0.6726,0.4365,60,1787564172.857708,erp
PO10432,A1432,steel coils,17724,buyer_eta,supplier_09,lender_prime,759.91,0.4152,0.6056,0.8025,30,1786450805.857712,erp
PO10433,A1433,medical devices,35569,buyer_theta,supplier_08,lender_delta,166.58,0.1489,0.5662,0.8389,90,1787304027.857716,erp
PO10434,A1434,LED panels,2552,buyer_delta,supplier_06,lender_delta,112.38,0.5436,0.9001,0.8957,90,1786153915.8577201,erp
PO10435,A1435,textile rolls,12563,buyer_delta,supplier_11,lender_prime,147.23,0.2123,0.7576,0.5955,30,1785487996.857725,erp
PO10436,A1436,medical devices,48626,buyer_gamma,supplier_06,lender_atlas,56.46,0.542,0.902,0.8054,30,1786997386.857729,erp
PO10437,A1437,medical devices,36288,buyer_delta,supplier_07,lender_north,737.09,0.2198,0.8275,0.7437,90,1785720023.857733,erp
PO10438,A1438,laptop batteries,30569,buyer_zeta,supplier_02,lender_delta,472.82,0.3077,0.7538,0.9637,30,1787538388.857737,erp
PO10439,A1439,steel coils,7294,buyer_alpha,supplier_10,lender_delta,909.93,0.2903,0.7165,0.4769,90,1787882458.857741,erp
PO10440,A1440,LED panels,19086,buyer_zeta,supplier_04,lender_atlas,1060.34,0.1227,0.7567,0.4791,60,1786508887.857745,erp
PO10441,A1441,steel coils,16348,buyer_gamma,supplier_10,lender_delta,263.49,0.2495,0.7043,0.7906,60,1785595303.85775,erp
PO10442,A1442,laptop batteries,6611,buyer_gamma,supplier_06,lender_prime,69.74,0.0521,0.7566,0.7714,45,1786908890.857753,erp
PO10443,A1443,laptop batteries,35589,buyer_delta,supplier_05,lender_north,882.52,0.5219,0.9398,0.8357,60,1787042057.857758,erp
PO10444,A1444,steel coils,1938,buyer_eta,supplier_02,lender_delta,125.35,0.4158,0.817,0.5085,45,1785725984.857762,erp
PO10445,A1445,laptop batteries,40222,buyer_epsilon,supplier_02,lender_prime,661.71,0.3598,0.5695,0.9092,60,1785955433.857766,erp
PO10446,A1446,LED panels,26710,buyer_theta,supplier_07,lender_north,330.11,0.1147,0.6101,0.7375,60,1786577428.857771,erp
PO10447,A1447,steel coils,28635,buyer_beta,supplier_10,lender_north,697.88,0.3834,0.5299,0.9757,60,1786113378.8577752,erp
PO10448,A1448,laptop batteries,5260,buyer_gamma,supplier_06,lender_north,802.07,0.3333,0.8151,0.8622,30,1785507042.857779,erp
PO10449,A1449,auto components,29021,buyer_eta,supplier_11,lender_atlas,983.54,0.1475,0.7488,0.6487,30,1785977545.857783,erp
PO10450,A1450,auto components,26898,buyer_epsilon,supplier_03,lender_prime,1079.16,0.4998,0.7055,0.7411,90,1785845153.857787,erp
PO10451,A1451,LED panels,7233,buyer_beta,supplier_06,lender_prime,299.86,0.5561,0.8281,0.9607,60,1786533051.857792,erp
PO10452,A1452,medical devices,11663,buyer_eta,supplier_05,lender_north,716.81,0.1741,0.8037,0.7905,60,1786564162.8577962,erp
PO10453,A1453,smartphones,17789,buyer_theta,supplier_04,lender_atlas,865.2,0.2713,0.9607,0.7237,90,1787475906.8578,erp
PO10454,A1454,auto components,39200,buyer_zeta,supplier_04,lender_atlas,922.17,0.2852,0.8388,0.6624,30,1787452148.857804,erp
PO10455,A1455,steel coils,12757,buyer_delta,supplier_01,lender_atlas,73.16,0.4177,0.8305,0.8616,90,1786141892.8578079,erp
PO10456,A1456,laptop batteries,26890,buyer_delta,supplier_05,lender_north,729.1,0.2977,0.8959,0.8664,45,1786217511.857812,erp
PO10457,A1457,smartphones,14910,buyer_eta,supplier_07,lender_atlas,614.4,0.1162,0.635,0.9343,45,1787128577.8578181,erp
PO10458,A1458,laptop batteries,1334,buyer_zeta,supplier_08,lender_delta,536.39,0.0518,0.3549,0.6568,45,1787299543.857822,erp
PO10459,A1459,textile rolls,48746,buyer_beta,supplier_02,lender_atlas,565.03,0.4673,0.8099,0.6906,90,1787441402.857826,erp
PO10460,A1460,LED panels,48224,buyer_epsilon,supplier_11,lender_prime,211.56,0.4598,0.9055,0.5908,90,1785704349.8578298,erp
PO10461,A1461,medical devices,23361,buyer_gamma,supplier_05,lender_atlas,493.59,0.2805,0.7332,0.6798,45,1785719955.857835,erp
PO10462,A1462,LED panels,44036,buyer_epsilon,supplier_10,lender_north,392.23,0.2291,0.6494,0.5095,45,1787553632.857839,erp
PO10463,A1463,medical devices,13392,buyer_epsilon,supplier_03,lender_delta,718.86,0.0919,0.8627,0.7542,90,1786561778.857843,erp
PO10464,A1464,auto components,13574,buyer_gamma,supplier_11,lender_atlas,197.4,0.4574,0.8443,0.7887,60,1785949833.857847,erp
PO10465,A1465,steel coils,28058,buyer_zeta,supplier_07,lender_delta,575.09,0.0848,0.4603,0.8284,90,1785741672.8578508,erp
PO10466,A1466,smartphones,4084,buyer_theta,supplier_01,lender_atlas,1002.68,0.5009,0.9433,0.9577,45,1785556951.857854,erp
PO10467,A1467,laptop batteries,44781,buyer_theta,supplier_03,lender_north,389.03,0.158,0.8158,0.9655,90,1785885490.8578591,erp
PO10468,A1468,auto components,36329,buyer_gamma,supplier_04,lender_atlas,993.16,0.3241,0.6313,0.6696,60,1786700319.857863,erp
PO10469,A1469,steel coils,24573,buyer_beta,supplier_10,lender_atlas,493.78,0.3897,0.5299,0.9436,45,1785951812.857867,erp
PO10470,A1470,smartphones,10875,buyer_theta,supplier_05,lender_atlas,620.74,0.3881,0.6401,0.9299,60,1787371521.8578718,erp
PO10471,A1471,LED panels,23312,buyer_zeta,supplier_10,lender_delta,118.38,0.0734,0.8426,0.6073,90,1786152513.857876,erp
PO10472,A1472,LED panels,16915,buyer_beta,supplier_01,lender_prime,83.41,0.4371,0.8516,0.7919,45,1787070493.85788,erp
PO10473,A1473,auto components,35137,buyer_gamma,supplier_07,lender_north,139.78,0.033,0.7901,0.914,90,1785813638.857884,erp
PO10474,A1474,LED panels,37114,buyer_zeta,supplier_06,lender_north,969.85,0.1518,0.8788,0.9322,60,1786859985.857888,erp
PO10475,A1475,textile rolls,4953,buyer_eta,supplier_12,lender_north,1163.01,0.0522,0.9467,0.936,60,1787073351.857892,erp
PO10476,A1476,laptop batteries,13884,buyer_zeta,supplier_01,lender_atlas,1112.04,0.4303,0.8264,0.5179,90,1787371343.8578959,erp
PO10477,A1477,smartphones,7319,buyer_epsilon,supplier_12,lender_prime,616.05,0.1616,0.7946,0.8209,90,1785609398.857901,erp
PO10478,A1478,steel coils,8232,buyer_gamma,supplier_02,lender_atlas,448.08,0.268,0.8142,0.9068,30,1787382872.857905,erp
PO10479,A1479,textile rolls,3365,buyer_theta,supplier_03,lender_atlas,445.61,0.404,0.9349,0.6708,45,1786054007.857908,erp
PO10480,A1480,auto components,36636,buyer_epsilon,supplier_06,lender_atlas,1048.01,0.1999,0.7037,0.7666,45,1787399514.857912,erp
PO10481,A1481,auto components,9803,buyer_zeta,supplier_12,lender_prime,1174.38,0.3794,0.8585,0.7311,90,1786052003.8579159,erp
PO10482,A1482,laptop batteries,25359,buyer_alpha,supplier_04,lender_north,805.51,0.5255,0.7948,0.7397,30,1786484332.85792,erp
PO10483,A1483,auto components,48290,buyer_eta,supplier_07,lender_prime,976.58,0.3112,0.7585,0.9463,60,1786863628.8579252,erp
PO10484,A1484,textile rolls,37753,buyer_alpha,supplier_02,lender_atlas,1009.76,0.0501,0.9285,0.8097,60,1786825763.85793,erp
PO10485,A1485,laptop batteries,41809,buyer_theta,supplier_03,lender_north,210.41,0.4686,0.7827,0.7274,60,1787846752.857933,erp
PO10486,A1486,medical devices,3431,buyer_zeta,supplier_09,lender_north,445.69,0.0863,0.6713,0.4994,90,1786342685.8579378,erp
PO10487,A1487,LED panels,2541,buyer_theta,supplier_05,lender_north,467.23,0.1683,0.5877,0.8048,45,1786315951.857942,erp
PO10488,A1488,laptop batteries,37554,buyer_beta,supplier_02,lender_delta,665.2,0.0764,0.8675,0.8519,60,1786945931.8579462,erp
PO10489,A1489,medical devices,8063,buyer_theta,supplier_06,lender_north,556.21,0.171,0.5814,0.8166,60,1786481701.857951,erp
PO10490,A1490,smartphones,27271,buyer_zeta,supplier_02,lender_delta,625.83,0.1834,0.5308,0.5311,30,1787214178.857955,erp
PO10491,A1491,LED panels,35188,buyer_beta,supplier_03,lender_delta,1088.94,0.1982,0.6043,0.6796,90,1786027953.8579588,erp
PO10492,A1492,auto components,31767,buyer_eta,supplier_05,lender_north,890.79,0.2812,0.8123,0.7979,45,1786667186.857963,erp
PO10493,A1493,smartphones,37470,buyer_theta,supplier_06,lender_delta,370.9,0.1074,0.889,0.8776,90,1786073406.8579671,erp
PO10494,A1494,textile rolls,17501,buyer_delta,supplier_03,lender_prime,1112.44,0.4446,0.8554,0.8767,90,1786048627.857972,erp
PO10495,A1495,textile rolls,7683,buyer_gamma,supplier_08,lender_prime,555.51,0.1532,0.8675,0.8852,60,1786012390.857976,erp
PO10496,A1496,medical devices,21131,buyer_beta,supplier_12,lender_prime,542.72,0.1652,0.6525,0.9204,90,1786729048.85798,erp
PO10497,A1497,medical devices,6313,buyer_gamma,supplier_04,lender_north,43.71,0.1164,0.8089,0.7378,60,1786941725.857984,erp
PO10498,A1498,steel coils,32627,buyer_epsilon,supplier_11,lender_delta,733.5,0.3716,0.8849,0.8623,30,1786456506.857988,erp
PO10499,A1499,laptop batteries,32202,buyer_eta,supplier_12,lender_delta,737.23,0.1117,0.711,0.9051,90,1786996021.858082,erp
PO10500,A1500,auto components,3490,buyer_zeta,supplier_11,lender_atlas,559.26,0.1507,0.602,0.971,60,1786435023.8580868,erp
PO10501,A1501,smartphones,34490,buyer_beta,supplier_11,lender_north,460.03,0.1414,0.8405,0.8063,90,1787737000.858092,erp
PO10502,A1502,textile rolls,2088,buyer_gamma,supplier_05,lender_north,772.6,0.436,0.8402,0.7926,60,1786556548.8580961,erp
PO10503,A1503,medical devices,2035,buyer_eta,supplier_09,lender_atlas,357.9,0.1256,0.7397,0.974,90,1786350981.8581,erp
PO10504,A1504,laptop batteries,38371,buyer_beta,supplier_08,lender_prime,500.92,0.1508,0.8785,0.9075,90,1785719034.858104,erp
PO10505,A1505,auto components,32836,buyer_delta,supplier_01,lender_atlas,517.76,0.6347,0.8747,0.7896,45,1786564470.8581078,erp
PO10506,A1506,steel coils,34213,buyer_theta,supplier_12,lender_prime,1108.63,0.2333,0.8859,0.7668,90,1786239128.858112,erp
PO10507,A1507,smartphones,29039,buyer_alpha,supplier_05,lender_atlas,875.13,0.1849,0.5484,0.7633,60,1787346703.8581161,erp
PO10508,A1508,medical devices,31555,buyer_gamma,supplier_09,lender_prime,408.52,0.1105,0.8729,0.738,60,1787855093.858121,erp
PO10509,A1509,textile rolls,28429,buyer_delta,supplier_05,lender_atlas,466.04,0.3938,0.8931,0.8747,90,1786529564.858125,erp
PO10510,A1510,auto components,40862,buyer_epsilon,supplier_12,lender_delta,282.8,0.1368,0.9342,0.7142,60,1785815631.8581288,erp
PO10511,A1511,LED panels,26271,buyer_beta,supplier_04,lender_delta,937.75,0.2641,0.7892,0.9198,90,1785858755.858133,erp
PO10512,A1512,smartphones,37062,buyer_epsilon,supplier_11,lender_delta,796.43,0.0856,0.6902,0.8084,60,1786536731.8581371,erp
PO10513,A1513,textile rolls,33451,buyer_beta,supplier_06,lender_prime,743.86,0.0573,0.7661,0.5517,90,1785857887.858141,erp
PO10514,A1514,medical devices,42937,buyer_gamma,supplier_08,lender_prime,84.3,0.0836,0.9423,0.8932,30,1786519058.858145,erp
PO10515,A1515,laptop batteries,38959,buyer_zeta,supplier_12,lender_atlas,638.95,0.6662,0.933,0.7255,30,1786609238.858149,erp
PO10516,A1516,textile rolls,8214,buyer_epsilon,supplier_09,lender_atlas,580.85,0.0803,0.5682,0.5991,60,1787690652.858154,erp
PO10517,A1517,textile rolls,12165,buyer_eta,supplier_12,lender_atlas,202.89,0.2724,0.5852,0.8323,90,1787199334.8581572,erp
PO10518,A1518,steel coils,10704,buyer_alpha,supplier_10,lender_north,1192.76,0.2014,0.7215,0.8504,60,1787782454.858162,erp
PO10519,A1519,medical devices,41860,buyer_beta,supplier_09,lender_north,591.24,0.2402,0.6713,0.7276,90,1785328097.858166,erp
PO10520,A1520,LED panels,46014,buyer_theta,supplier_10,lender_delta,887.91,0.2058,0.9555,0.7496,90,1785426815.85817,erp
PO10521,A1521,LED panels,11404,buyer_alpha,supplier_03,lender_atlas,1068.45,0.1096,0.593,0.9318,45,1786083338.858175,erp
PO10522,A1522,laptop batteries,10601,buyer_beta,supplier_12,lender_atlas,45.74,0.1229,0.7652,0.7688,45,1786237123.858179,erp
PO10523,A1523,auto components,44720,buyer_zeta,supplier_05,lender_delta,732.45,0.2419,0.7577,0.992,90,1787590264.858183,erp
PO10524,A1524,steel coils,12818,buyer_delta,supplier_03,lender_prime,285.03,0.2081,0.8743,0.9565,30,1786217871.858187,erp
PO10525,A1525,textile rolls,8937,buyer_alpha,supplier_03,lender_delta,836.11,0.0259,0.4097,0.6753,60,1787445970.858191,erp
PO10526,A1526,LED panels,25631,buyer_gamma,supplier_07,lender_prime,214.45,0.1854,0.8537,0.7344,60,1786856021.8581948,erp
PO10527,A1527,medical devices,19908,buyer_eta,supplier_06,lender_prime,669.59,0.3506,0.8515,0.9488,45,1785844676.8581991,erp
PO10528,A1528,textile rolls,30517,buyer_eta,supplier_05,lender_north,1105.78,0.4383,0.9035,0.9417,30,1786497635.858203,erp
PO10529,A1529,steel coils,1966,buyer_epsilon,supplier_07,lender_north,1142.42,0.1008,0.8818,0.5561,90,1787011703.858208,erp
PO10530,A1530,medical devices,45645,buyer_eta,supplier_05,lender_north,361.15,0.2121,0.9633,0.6208,60,1787506890.858211,erp
PO10531,A1531,smartphones,46965,buyer_delta,supplier_04,lender_atlas,296.43,0.2908,0.7442,0.8523,45,1785976808.8582149,erp
PO10532,A1532,LED panels,46226,buyer_theta,supplier_04,lender_north,820.66,0.4464,0.8302,0.7614,60,1785545026.858219,erp
PO10533,A1533,auto components,2034,buyer_eta,supplier_07,lender_atlas,685.47,0.2397,0.8198,0.8619,45,1786160382.8582242,erp
PO10534,A1534,auto components,24301,buyer_epsilon,supplier_06,lender_prime,810.51,0.3217,0.8196,0.8776,90,1786704686.858227,erp
PO10535,A1535,auto components,22392,buyer_alpha,supplier_09,lender_delta,801.18,0.3354,0.9604,0.9417,90,1787818585.858232,erp
PO10536,A1536,laptop batteries,11409,buyer_zeta,supplier_10,lender_delta,833.86,0.3442,0.7219,0.6004,45,1786685501.8582358,erp
PO10537,A1537,laptop batteries,38353,buyer_beta,supplier_01,lender_delta,572.66,0.4401,0.5977,0.9195,30,1787885486.858239,erp
PO10538,A1538,medical devices,27130,buyer_alpha,supplier_11,lender_delta,1040.12,0.1103,0.5873,0.4156,90,1787746977.858243,erp
PO10539,A1539,medical devices,34025,buyer_zeta,supplier_07,lender_delta,537.16,0.1478,0.9229,0.9134,30,1785992350.858248,erp
PO10540,A1540,auto components,17539,buyer_theta,supplier_04,lender_atlas,382.54,0.2012,0.9145,0.7736,45,1785533502.858252,erp
PO10541,A1541,medical devices,29326,buyer_epsilon,supplier_08,lender_atlas,219.15,0.3901,0.8867,0.8622,60,1787260562.8582568,erp
PO10542,A1542,textile rolls,25271,buyer_zeta,supplier_09,lender_delta,792.12,0.2227,0.8711,0.912,30,1785716045.858262,erp
PO10543,A1543,laptop batteries,24326,buyer_delta,supplier_12,lender_prime,502.25,0.1964,0.545,0.7521,45,1786886387.858266,erp
PO10544,A1544,medical devices,30388,buyer_delta,supplier_12,lender_north,86.67,0.4825,0.9693,0.8071,30,1786576968.858271,erp
PO10545,A1545,steel coils,8128,buyer_beta,supplier_04,lender_delta,136.73,0.2021,0.5358,0.6434,30,1786858450.8582752,erp
PO10546,A1546,textile rolls,32783,buyer_eta,supplier_10,lender_north,421.22,0.2279,0.7025,0.9866,90,1785834871.858279,erp
PO10547,A1547,smartphones,28812,buyer_gamma,supplier_03,lender_atlas,149.7,0.4633,0.8014,0.6916,45,1786252406.858283,erp
PO10548,A1548,LED panels,43923,buyer_gamma,supplier_03,lender_north,417.79,0.2528,0.8927,0.8978,60,1786028145.858287,erp
PO10549,A1549,LED panels,26291,buyer_epsilon,supplier_07,lender_delta,46.58,0.3417,0.8551,0.9571,90,1786548334.858291,erp
PO10550,A1550,LED panels,33460,buyer_delta,supplier_04,lender_delta,1033.43,0.1262,0.7568,0.7835,60,1786756535.858295,erp
PO10551,A1551,textile rolls,7776,buyer_zeta,supplier_08,lender_delta,195.77,0.314,0.7804,0.6071,60,1785579495.8582988,erp
PO10552,A1552,smartphones,9705,buyer_epsilon,supplier_12,lender_prime,1050.04,0.286,0.8318,0.8136,30,1787326022.858304,erp
PO10553,A1553,steel coils,28505,buyer_beta,supplier_11,lender_delta,975.04,0.6388,0.7349,0.9246,30,1785683983.858308,erp
PO10554,A1554,auto components,6249,buyer_gamma,supplier_09,lender_delta,747.64,0.4832,0.8097,0.7954,90,1787824248.858312,erp
PO10555,A1555,textile rolls,916,buyer_eta,supplier_10,lender_delta,61.89,0.2049,0.8253,0.8736,45,1787122273.858316,erp
PO10556,A1556,textile rolls,12400,buyer_gamma,supplier_04,lender_prime,70.42,0.2387,0.859,0.8194,90,1787397995.8583198,erp
PO10557,A1557,steel coils,49255,buyer_eta,supplier_01,lender_north,481.28,0.3292,0.7002,0.9161,60,1785909567.858324,erp
PO10558,A1558,smartphones,30446,buyer_epsilon,supplier_09,lender_prime,48.42,0.3141,0.9001,0.9164,90,1785937323.858328,erp
PO10559,A1559,medical devices,42925,buyer_alpha,supplier_05,lender_atlas,92.63,0.0479,0.7557,0.8705,45,1787152609.8583329,erp
PO10560,A1560,auto components,11141,buyer_zeta,supplier_02,lender_prime,617.16,0.2277,0.952,0.7418,30,1786451944.858337,erp
PO10561,A1561,steel coils,4846,buyer_delta,supplier_02,lender_prime,1163.73,0.1652,0.9121,0.9434,45,1786968324.858342,erp
PO10562,A1562,smartphones,47506,buyer_beta,supplier_12,lender_delta,367.47,0.3967,0.7515,0.8648,60,1786144272.858345,erp
PO10563,A1563,laptop batteries,38469,buyer_zeta,supplier_11,lender_prime,907.61,0.3409,0.5796,0.8887,90,1786018094.858351,erp
PO10564,A1564,LED panels,17723,buyer_delta,supplier_08,lender_delta,176.67,0.1247,0.7117,0.831,45,1787517644.858356,erp
PO10565,A1565,auto components,7783,buyer_delta,supplier_08,lender_prime,678.54,0.2264,0.8821,0.9831,60,1785709936.85836,erp
PO10566,A1566,auto components,35270,buyer_gamma,supplier_10,lender_prime,968.3,0.2397,0.6286,0.8867,90,1785915578.858367,erp
PO10567,A1567,laptop batteries,47787,buyer_theta,supplier_06,lender_atlas,40.41,0.2048,0.9515,0.5194,45,1786273384.858371,erp
PO10568,A1568,steel coils,26124,buyer_gamma,supplier_11,lender_north,328.35,0.2284,0.8937,0.6594,30,1785404290.8583748,erp
PO10569,A1569,medical devices,29222,buyer_theta,supplier_04,lender_atlas,993.8,0.4015,0.608,0.7302,90,1785460779.858378,erp
PO10570,A1570,medical devices,32435,buyer_gamma,supplier_12,lender_atlas,300.57,0.0909,0.6683,0.876,60,1786858773.8583832,erp
PO10571,A1571,medical devices,16965,buyer_zeta,supplier_07,lender_atlas,136.39,0.1364,0.9308,0.8108,90,1787737771.858387,erp
PO10572,A1572,auto components,42618,buyer_beta,supplier_10,lender_prime,707.73,0.1274,0.8172,0.8437,90,1787806812.858391,erp
PO10573,A1573,laptop batteries,2082,buyer_delta,supplier_10,lender_atlas,154.61,0.4648,0.8471,0.4311,60,1786231095.8583949,erp
PO10574,A1574,auto components,33257,buyer_zeta,supplier_03,lender_prime,427.17,0.2248,0.8778,0.8075,60,1786500871.858399,erp
PO10575,A1575,auto components,10934,buyer_theta,supplier_06,lender_north,414.4,0.0561,0.7741,0.9434,90,1786809702.858403,erp
PO10576,A1576,textile rolls,35419,buyer_gamma,supplier_12,lender_atlas,500.24,0.5255,0.8113,0.6564,90,1785580971.858408,erp
PO10577,A1577,laptop batteries,34485,buyer_delta,supplier_07,lender_delta,767.62,0.4494,0.4253,0.499,45,1785656666.858412,erp
PO10578,A1578,auto components,33756,buyer_gamma,supplier_02,lender_delta,661.02,0.142,0.8877,0.7302,45,1787821599.858416,erp
PO10579,A1579,medical devices,4271,buyer_theta,supplier_09,lender_atlas,592.89,0.2616,0.8328,0.8186,90,1787309399.858421,erp
PO10580,A1580,LED panels,3971,buyer_zeta,supplier_01,lender_atlas,721.44,0.123,0.4288,0.5332,90,1786315107.858426,erp
PO10581,A1581,auto components,22998,buyer_theta,supplier_03,lender_north,151.2,0.1273,0.8248,0.6822,30,1785371940.85843,erp
PO10582,A1582,smartphones,45242,buyer_alpha,supplier_09,lender_atlas,150.77,0.0147,0.9442,0.7903,30,1787265619.858434,erp
PO10583,A1583,laptop batteries,29381,buyer_zeta,supplier_10,lender_north,628.5,0.413,0.9515,0.9162,45,1785383080.8584378,erp
PO10584,A1584,textile rolls,30297,buyer_gamma,supplier_10,lender_delta,949.51,0.13,0.567,0.7676,90,1785622668.858443,erp
PO10585,A1585,textile rolls,9378,buyer_delta,supplier_05,lender_delta,925.69,0.2036,0.842,0.9219,45,1786598798.858447,erp
PO10586,A1586,smartphones,3593,buyer_alpha,supplier_09,lender_atlas,486.49,0.1419,0.8731,0.782,90,1787047239.858451,erp
PO10587,A1587,steel coils,14002,buyer_alpha,supplier_01,lender_prime,1112.2,0.3374,0.5862,0.525,45,1786770927.8584561,erp
PO10588,A1588,smartphones,27755,buyer_eta,supplier_12,lender_delta,477.47,0.7414,0.8157,0.8175,30,1787145295.85846,erp
PO10589,A1589,medical devices,17309,buyer_zeta,supplier_03,lender_delta,370.38,0.2341,0.8729,0.7895,30,1786286699.858464,erp
PO10590,A1590,auto components,45956,buyer_gamma,supplier_02,lender_prime,320.43,0.4482,0.7581,0.8467,45,1786445858.858468,erp
PO10591,A1591,medical devices,4198,buyer_theta,supplier_04,lender_delta,480.84,0.1873,0.3247,0.7094,30,1787641176.8584719,erp
PO10592,A1592,LED panels,1644,buyer_eta,supplier_09,lender_north,879.93,0.1115,0.5808,0.6016,90,1786729598.858477,erp
PO10593,A1593,medical devices,16075,buyer_eta,supplier_08,lender_delta,750.63,0.2148,0.7522,0.3663,45,1786370525.8584828,erp
PO10594,A1594,auto components,20151,buyer_alpha,supplier_07,lender_north,89.36,0.151,0.8153,0.8727,90,1786389474.8584871,erp
PO10595,A1595,medical devices,26641,buyer_zeta,supplier_06,lender_north,879.04,0.2142,0.8189,0.8207,45,1786266710.858491,erp
PO10596,A1596,smartphones,36074,buyer_gamma,supplier_08,lender_delta,388.37,0.4294,0.8663,0.8029,90,1785534538.858494,erp
PO10597,A1597,medical devices,45105,buyer_gamma,supplier_05,lender_north,783.84,0.4212,0.5666,0.7869,30,1787507238.858498,erp
PO10598,A1598,smartphones,1068,buyer_beta,supplier_02,lender_prime,424.55,0.111,0.7241,0.8897,45,1787276751.8585029,erp
PO10599,A1599,smartphones,35385,buyer_gamma,supplier_07,lender_delta,223.61,0.173,0.8277,0.7356,30,1785455759.858507,erp
PO10600,A1600,LED panels,37980,buyer_zeta,supplier_08,lender_north,558.91,0.0344,0.7983,0.4635,45,1786569249.8585112,erp
PO10601,A1601,auto components,5944,buyer_epsilon,supplier_12,lender_atlas,739.26,0.1925,0.7857,0.7148,90,1786498704.858516,erp
PO10602,A1602,medical devices,43537,buyer_alpha,supplier_05,lender_delta,804.92,0.1236,0.6174,0.6777,90,1786506602.85852,erp
PO10603,A1603,auto components,28320,buyer_zeta,supplier_09,lender_delta,860.45,0.1531,0.752,0.6437,30,1787375280.8585238,erp
PO10604,A1604,smartphones,12106,buyer_beta,supplier_04,lender_atlas,115.35,0.4653,0.8698,0.5566,30,1785345072.858528,erp
PO10605,A1605,medical devices,9590,buyer_beta,supplier_01,lender_north,1104.88,0.3207,0.8757,0.7295,30,1786058308.8585322,erp
PO10606,A1606,smartphones,5713,buyer_gamma,supplier_09,lender_north,1170.06,0.1607,0.8256,0.8598,60,1785391256.858537,erp
PO10607,A1607,medical devices,19204,buyer_eta,supplier_09,lender_north,534.77,0.4499,0.4801,0.9841,30,1786578898.858542,erp
PO10608,A1608,medical devices,40182,buyer_zeta,supplier_12,lender_prime,700.27,0.4266,0.756,0.9215,90,1785964237.858546,erp
PO10609,A1609,auto components,26926,buyer_theta,supplier_06,lender_delta,1047.67,0.199,0.7872,0.5584,45,1785427398.858551,erp
PO10610,A1610,smartphones,1574,buyer_gamma,supplier_04,lender_delta,587.85,0.177,0.9041,0.8211,90,1787663703.8585548,erp
PO10611,A1611,smartphones,21686,buyer_zeta,supplier_02,lender_delta,745.07,0.1219,0.7173,0.6834,60,1786483691.858559,erp
PO10612,A1612,auto components,8897,buyer_zeta,supplier_12,lender_atlas,695.78,0.289,0.8289,0.833,45,1787381123.8585632,erp
PO10613,A1613,LED panels,15502,buyer_zeta,supplier_11,lender_north,983.45,0.0993,0.6683,0.8931,60,1787314221.858568,erp
PO10614,A1614,steel coils,16660,buyer_zeta,supplier_01,lender_north,774.36,0.2021,0.7103,0.7669,30,1787096706.858572,erp
PO10615,A1615,auto components,25142,buyer_epsilon,supplier_04,lender_delta,852.75,0.3362,0.6102,0.897,60,1787462442.8585758,erp
PO10616,A1616,textile rolls,13461,buyer_epsilon,supplier_08,lender_delta,370.32,0.3554,0.7404,0.8872,30,1786727750.858581,erp
PO10617,A1617,auto components,37759,buyer_zeta,supplier_10,lender_prime,1064.58,0.1226,0.6162,0.7557,90,1786234287.8585851,erp
PO10618,A1618,steel coils,42562,buyer_alpha,supplier_09,lender_delta,845.72,0.3789,0.9074,0.8123,45,1787274177.858589,erp
PO10619,A1619,textile rolls,21664,buyer_gamma,supplier_09,lender_delta,916.92,0.3602,0.7501,0.7008,60,1785778832.858593,erp
PO10620,A1620,laptop batteries,10478,buyer_gamma,supplier_07,lender_prime,1101.63,0.3794,0.6318,0.9009,30,1786045612.858598,erp
PO10621,A1621,laptop batteries,7885,buyer_eta,supplier_04,lender_prime,489.44,0.1483,0.7456,0.8086,45,1785536830.858602,erp
PO10622,A1622,LED panels,2060,buyer_epsilon,supplier_04,lender_atlas,54.34,0.5649,0.8872,0.8765,30,1787783494.858606,erp
PO10623,A1623,textile rolls,500,buyer_alpha,supplier_01,lender_atlas,556.27,0.551,0.6921,0.8156,30,1786647466.85861,erp
PO10624,A1624,steel coils,13912,buyer_gamma,supplier_05,lender_prime,1106.51,0.6503,0.9303,0.8384,90,1787648925.858615,erp
PO10625,A1625,smartphones,26553,buyer_gamma,supplier_04,lender_delta,74.68,0.2886,0.9477,0.7389,30,1786773663.858619,erp
PO10626,A1626,medical devices,29859,buyer_delta,supplier_04,lender_prime,1195.17,0.0387,0.7229,0.7881,45,1786348759.858623,erp
PO10627,A1627,LED panels,35939,buyer_zeta,supplier_12,lender_north,412.03,0.3121,0.7275,0.84,90,1786023695.8586292,erp
PO10628,A1628,textile rolls,33684,buyer_gamma,supplier_01,lender_north,734.6,0.3978,0.8217,0.8554,30,1785735127.858633,erp
PO10629,A1629,smartphones,17193,buyer_beta,supplier_10,lender_north,898.07,0.3609,0.887,0.7732,45,1787911856.858638,erp
PO10630,A1630,laptop batteries,5232,buyer_beta,supplier_08,lender_atlas,320.53,0.221,0.9109,0.6473,90,1786341845.8586419,erp
PO10631,A1631,steel coils,41083,buyer_delta,supplier_05,lender_delta,776.85,0.3512,0.6411,0.5031,90,1787799734.858647,erp
PO10632,A1632,steel coils,6190,buyer_eta,supplier_01,lender_delta,332.5,0.0616,0.7338,0.7496,90,1787006058.858651,erp
PO10633,A1633,smartphones,45315,buyer_eta,supplier_02,lender_north,728.38,0.3694,0.7761,0.7138,90,1786683792.858655,erp
PO10634,A1634,textile rolls,39895,buyer_gamma,supplier_01,lender_atlas,535.01,0.5429,0.5815,0.7873,90,1786954983.858659,erp
PO10635,A1635,smartphones,7154,buyer_theta,supplier_12,lender_north,201.48,0.3749,0.9655,0.9375,60,1786084419.8586628,erp
PO10636,A1636,smartphones,6217,buyer_eta,supplier_02,lender_atlas,1058.23,0.3451,0.6135,0.755,30,1786940237.858668,erp
PO10637,A1637,textile rolls,9230,buyer_delta,supplier_03,lender_delta,52.98,0.1331,0.8033,0.5805,30,1787301517.8586721,erp
PO10638,A1638,laptop batteries,4956,buyer_gamma,supplier_09,lender_delta,635.53,0.1084,0.9243,0.9789,60,1786275322.858677,erp
PO10639,A1639,auto components,15227,buyer_theta,supplier_10,lender_north,596.06,0.2017,0.9386,0.659,30,1786364473.8586812,erp
PO10640,A1640,textile rolls,30941,buyer_epsilon,supplier_07,lender_atlas,392.06,0.3356,0.5404,0.7747,45,1785945852.858685,erp
PO10641,A1641,medical devices,32591,buyer_zeta,supplier_02,lender_atlas,657.98,0.2879,0.9239,0.8678,45,1786509271.858689,erp
PO10642,A1642,textile rolls,39674,buyer_eta,supplier_05,lender_delta,816.83,0.1007,0.7352,0.8019,30,1786691880.8586931,erp
PO10643,A1643,LED panels,42013,buyer_delta,supplier_04,lender_atlas,252.37,0.417,0.7092,0.9014,90,1786006952.858698,erp
PO10644,A1644,LED panels,28057,buyer_epsilon,supplier_09,lender_north,348.21,0.2789,0.5207,0.8553,90,1787054974.8587022,erp
PO10645,A1645,LED panels,4424,buyer_alpha,supplier_11,lender_prime,169.26,0.2454,0.8708,0.5289,45,1787531929.858707,erp
PO10646,A1646,smartphones,6770,buyer_epsilon,supplier_08,lender_north,1020.64,0.2316,0.828,0.8332,30,1787570436.858712,erp
PO10647,A1647,steel coils,29501,buyer_eta,supplier_12,lender_north,897.43,0.2477,0.7308,0.7827,90,1785370285.858716,erp
PO10648,A1648,laptop batteries,46601,buyer_delta,supplier_06,lender_prime,737.11,0.2804,0.8422,0.7289,45,1787643006.85872,erp
PO10649,A1649,auto components,1933,buyer_theta,supplier_12,lender_delta,703.12,0.2246,0.822,0.6433,45,1787762131.858724,erp
PO10650,A1650,smartphones,15480,buyer_eta,supplier_06,lender_prime,860.24,0.1222,0.9078,0.8843,45,1785731188.858728,erp
PO10651,A1651,auto components,6547,buyer_beta,supplier_04,lender_prime,704.23,0.2949,0.7651,0.4725,30,1786785904.858732,erp
PO10652,A1652,smartphones,30812,buyer_gamma,supplier_09,lender_atlas,878.92,0.1688,0.8475,0.9032,60,1785507394.858737,erp
PO10653,A1653,laptop batteries,30315,buyer_epsilon,supplier_08,lender_north,863.84,0.3456,0.7357,0.7227,90,1786859783.858741,erp
PO10654,A1654,LED panels,33250,buyer_eta,supplier_03,lender_north,973.61,0.1725,0.8406,0.9681,45,1786027170.858745,erp
PO10655,A1655,auto components,20290,buyer_gamma,supplier_11,lender_delta,323.61,0.0411,0.804,0.9763,90,1786096619.8587499,erp
PO10656,A1656,textile rolls,23750,buyer_beta,supplier_10,lender_delta,87.01,0.1012,0.9585,0.8207,90,1786459244.858755,erp
PO10657,A1657,textile rolls,3836,buyer_zeta,supplier_05,lender_prime,1064.9,0.4014,0.7846,0.7663,60,1787310580.858759,erp
PO10658,A1658,smartphones,40927,buyer_gamma,supplier_04,lender_delta,359.88,0.1694,0.8589,0.4842,90,1786476813.858764,erp
PO10659,A1659,textile rolls,38317,buyer_zeta,supplier_08,lender_atlas,772.57,0.1644,0.7419,0.7211,60,1785821926.858768,erp
PO10660,A1660,LED panels,20183,buyer_eta,supplier_01,lender_atlas,163.54,0.0878,0.7176,0.8364,90,1787636188.858773,erp
PO10661,A1661,steel coils,27102,buyer_zeta,supplier_01,lender_delta,218.69,0.3303,0.7383,0.8135,45,1785406238.858777,erp
PO10662,A1662,steel coils,5931,buyer_zeta,supplier_10,lender_prime,135.23,0.4436,0.9267,0.8591,30,1787221367.858782,erp
PO10663,A1663,smartphones,3052,buyer_epsilon,supplier_06,lender_prime,1186.29,0.4212,0.9131,0.949,60,1787254198.858786,erp
PO10664,A1664,LED panels,15166,buyer_beta,supplier_08,lender_atlas,77.16,0.4252,0.8318,0.8609,60,1786544456.85879,erp
PO10665,A1665,steel coils,10246,buyer_delta,supplier_04,lender_north,82.69,0.1214,0.778,0.7477,60,1787034509.858794,erp
PO10666,A1666,smartphones,24368,buyer_theta,supplier_11,lender_north,493.32,0.1355,0.7708,0.849,90,1786594038.858798,erp
PO10667,A1667,auto components,11259,buyer_gamma,supplier_01,lender_atlas,522.33,0.3765,0.5952,0.7443,60,1786500122.858803,erp
PO10668,A1668,steel coils,33338,buyer_alpha,supplier_02,lender_north,284.83,0.1556,0.7356,0.8978,60,1785654498.858807,erp
PO10669,A1669,textile rolls,22297,buyer_theta,supplier_01,lender_prime,512.51,0.3339,0.847,0.7604,30,1786951877.858811,erp
PO10670,A1670,textile rolls,780,buyer_epsilon,supplier_07,lender_north,87.03,0.2818,0.7859,0.8909,30,1785831316.858817,erp
PO10671,A1671,medical devices,36699,buyer_delta,supplier_09,lender_atlas,944.42,0.524,0.9635,0.7505,60,1787205424.8588219,erp
PO10672,A1672,textile rolls,27735,buyer_epsilon,supplier_11,lender_north,1090.91,0.2553,0.7145,0.5379,45,1787438845.858826,erp
PO10673,A1673,smartphones,33298,buyer_theta,supplier_06,lender_delta,632.5,0.1923,0.4485,0.9243,45,1785724566.8588312,erp
PO10674,A1674,auto components,41890,buyer_delta,supplier_08,lender_atlas,74.56,0.5086,0.9257,0.6797,45,1785840797.858835,erp
PO10675,A1675,textile rolls,42608,buyer_theta,supplier_07,lender_atlas,270.97,0.0529,0.6764,0.916,60,1787412076.85884,erp
PO10676,A1676,textile rolls,16624,buyer_alpha,supplier_11,lender_atlas,663.01,0.3717,0.7241,0.8503,90,1787819011.8588438,erp
PO10677,A1677,textile rolls,12609,buyer_alpha,supplier_05,lender_prime,1048.63,0.1175,0.801,0.5657,60,1785597562.858849,erp
PO10678,A1678,steel coils,49802,buyer_epsilon,supplier_02,lender_prime,401.79,0.3049,0.9468,0.9344,45,1785527734.8588538,erp
PO10679,A1679,auto components,1603,buyer_beta,supplier_11,lender_delta,293.36,0.1884,0.9864,0.705,45,1785342166.8588579,erp
PO10680,A1680,auto components,35088,buyer_eta,supplier_04,lender_atlas,439.35,0.2931,0.5888,0.8765,30,1786870897.858863,erp
PO10681,A1681,smartphones,15629,buyer_gamma,supplier_12,lender_north,904.06,0.5262,0.9341,0.5024,60,1786189966.858867,erp
PO10682,A1682,LED panels,45085,buyer_eta,supplier_11,lender_atlas,554.36,0.2068,0.8007,0.8715,30,1785990230.858871,erp
PO10683,A1683,steel coils,7736,buyer_epsilon,supplier_04,lender_atlas,203.21,0.4429,0.8387,0.8525,90,1786783406.858876,erp
PO10684,A1684,laptop batteries,29213,buyer_gamma,supplier_08,lender_north,59.89,0.2207,0.9221,0.8637,60,1786221054.85888,erp
PO10685,A1685,LED panels,7520,buyer_alpha,supplier_02,lender_north,1082.58,0.0735,0.5747,0.9908,60,1785591247.858884,erp
PO10686,A1686,textile rolls,595,buyer_eta,supplier_10,lender_delta,264.37,0.0758,0.7926,0.689,60,1787722243.8588889,erp
PO10687,A1687,steel coils,16305,buyer_zeta,supplier_06,lender_atlas,612.05,0.1986,0.9325,0.8138,60,1787865292.858894,erp
PO10688,A1688,textile rolls,42640,buyer_eta,supplier_02,lender_delta,1076.0,0.0853,0.5806,0.8159,30,1785861037.858898,erp
PO10689,A1689,textile rolls,7059,buyer_delta,supplier_07,lender_prime,624.29,0.0785,0.6715,0.8966,45,1787724756.858902,erp
PO10690,A1690,auto components,14201,buyer_gamma,supplier_04,lender_north,193.85,0.3281,0.8146,0.9538,90,1786328548.858907,erp
PO10691,A1691,textile rolls,2802,buyer_alpha,supplier_03,lender_north,833.95,0.5373,0.8179,0.513,60,1786014105.858911,erp
PO10692,A1692,LED panels,43787,buyer_gamma,supplier_10,lender_north,1146.2,0.1714,0.5936,0.6148,30,1785475778.858915,erp
PO10693,A1693,laptop batteries,4025,buyer_beta,supplier_12,lender_north,894.92,0.2683,0.9089,0.9653,30,1786901454.8589199,erp
PO10694,A1694,LED panels,35729,buyer_beta,supplier_06,lender_prime,341.2,0.2846,0.7891,0.6998,60,1785981205.8589242,erp
PO10695,A1695,textile rolls,22630,buyer_gamma,supplier_11,lender_prime,78.4,0.1372,0.4606,0.6171,45,1786432354.858929,erp
PO10696,A1696,medical devices,8046,buyer_zeta,supplier_07,lender_atlas,912.93,0.1181,0.7955,0.4717,30,1786596868.858933,erp
PO10697,A1697,smartphones,33736,buyer_eta,supplier_08,lender_delta,582.08,0.3803,0.7624,0.7887,45,1786565299.858937,erp
PO10698,A1698,smartphones,24499,buyer_zeta,supplier_11,lender_atlas,993.03,0.6555,0.8972,0.8129,30,1785708900.858942,erp
PO10699,A1699,smartphones,4478,buyer_gamma,supplier_03,lender_atlas,970.31,0.0978,0.7225,0.8142,45,1785751508.858946,erp
PO10700,A1700,medical devices,12800,buyer_delta,supplier_07,lender_prime,503.66,0.2538,0.8036,0.574,45,1786369777.85895,erp
PO10701,A1701,smartphones,20788,buyer_eta,supplier_04,lender_atlas,135.32,0.5774,0.6209,0.6726,45,1786681931.858955,erp
PO10702,A1702,smartphones,44321,buyer_delta,supplier_12,lender_prime,585.01,0.1194,0.8281,0.862,45,1785961142.8589592,erp
PO10703,A1703,medical devices,22777,buyer_alpha,supplier_11,lender_prime,376.05,0.3952,0.6974,0.7322,90,1787395191.858964,erp
PO10704,A1704,laptop batteries,16300,buyer_alpha,supplier_10,lender_prime,771.81,0.1617,0.4719,0.8636,60,1786281343.858968,erp
PO10705,A1705,LED panels,27186,buyer_beta,supplier_08,lender_prime,52.38,0.2373,0.6109,0.7318,60,1786724646.8589718,erp
PO10706,A1706,steel coils,701,buyer_beta,supplier_12,lender_north,494.44,0.2915,0.8331,0.7188,30,1785454158.858977,erp
PO10707,A1707,laptop batteries,11680,buyer_gamma,supplier_07,lender_north,1132.26,0.4989,0.9155,0.8795,90,1787734616.8589811,erp
PO10708,A1708,smartphones,22617,buyer_zeta,supplier_11,lender_north,611.16,0.1854,0.8247,0.8223,30,1787799980.858986,erp
PO10709,A1709,medical devices,30360,buyer_eta,supplier_03,lender_prime,411.64,0.0916,0.7052,0.8435,30,1786898915.8589911,erp
PO10710,A1710,smartphones,35090,buyer_epsilon,supplier_09,lender_delta,945.08,0.1288,0.8525,0.9273,60,1786020486.858995,erp
PO10711,A1711,auto components,3612,buyer_alpha,supplier_10,lender_atlas,1192.1,0.3646,0.891,0.8055,90,1785512215.858999,erp
PO10712,A1712,textile rolls,36721,buyer_eta,supplier_11,lender_delta,144.0,0.207,0.9186,0.5591,45,1787115863.859005,erp
PO10713,A1713,auto components,15116,buyer_beta,supplier_03,lender_atlas,945.41,0.3998,0.9327,0.7071,30,1786060519.85901,erp
PO10714,A1714,laptop batteries,20783,buyer_gamma,supplier_12,lender_north,643.19,0.1402,0.8802,0.5785,30,1787316852.8590138,erp
PO10715,A1715,smartphones,36495,buyer_eta,supplier_06,lender_north,511.23,0.5405,0.6114,0.895,90,1787502254.859018,erp
PO10716,A1716,auto components,35136,buyer_gamma,supplier_04,lender_atlas,702.95,0.216,0.8012,0.9681,90,1786975945.859023,erp
PO10717,A1717,medical devices,34178,buyer_alpha,supplier_01,lender_delta,736.46,0.2112,0.9778,0.681,30,1786566337.859027,erp
PO10718,A1718,steel coils,12112,buyer_alpha,supplier_08,lender_north,1051.34,0.3638,0.753,0.6381,90,1787368976.8590322,erp
PO10719,A1719,smartphones,36902,buyer_gamma,supplier_06,lender_prime,905.2,0.2711,0.4838,0.8614,60,1787632675.859036,erp
PO10720,A1720,laptop batteries,30244,buyer_delta,supplier_04,lender_north,143.46,0.1364,0.751,0.9087,90,1787441994.85904,erp
PO10721,A1721,laptop batteries,34139,buyer_delta,supplier_07,lender_atlas,193.53,0.3059,0.6214,0.8016,90,1786681162.859045,erp
PO10722,A1722,steel coils,18548,buyer_alpha,supplier_02,lender_atlas,1194.12,0.2129,0.9055,0.9266,30,1787237073.8590488,erp
PO10723,A1723,auto components,39100,buyer_beta,supplier_08,lender_north,158.71,0.1378,0.7298,0.5095,45,1785634703.859054,erp
PO10724,A1724,smartphones,22682,buyer_zeta,supplier_07,lender_north,704.01,0.2489,0.822,0.9068,90,1786924711.859058,erp
PO10725,A1725,auto components,10103,buyer_eta,supplier_09,lender_prime,463.5,0.0269,0.7769,0.7833,30,1785721417.859062,erp
PO10726,A1726,LED panels,9592,buyer_gamma,supplier_02,lender_atlas,698.73,0.3605,0.5527,0.4286,45,1785639860.859068,erp
PO10727,A1727,LED panels,47472,buyer_eta,supplier_12,lender_atlas,628.54,0.1428,0.8738,0.6143,90,1787529883.859073,erp
PO10728,A1728,laptop batteries,36149,buyer_zeta,supplier_03,lender_delta,559.19,0.288,0.7289,0.7825,90,1785792854.8590772,erp
PO10729,A1729,auto components,10586,buyer_theta,supplier_12,lender_north,411.33,0.2375,0.996,0.8551,30,1786402909.859081,erp
PO10730,A1730,medical devices,41102,buyer_eta,supplier_07,lender_atlas,835.31,0.4341,0.8423,0.7686,45,1787325668.859086,erp
PO10731,A1731,textile rolls,12669,buyer_zeta,supplier_10,lender_north,775.38,0.1079,0.8878,0.8,90,1787168196.8590899,erp
PO10732,A1732,laptop batteries,38212,buyer_zeta,supplier_07,lender_north,508.24,0.3941,0.911,0.8195,90,1785737785.859095,erp
PO10733,A1733,auto components,37113,buyer_epsilon,supplier_07,lender_atlas,58.13,0.1627,0.647,0.7819,30,1785895985.859099,erp
PO10734,A1734,smartphones,13551,buyer_theta,supplier_03,lender_atlas,715.09,0.2141,0.8342,0.5848,90,1785714340.859103,erp
PO10735,A1735,auto components,28434,buyer_beta,supplier_04,lender_delta,1027.81,0.0876,0.9368,0.6929,30,1785432441.859107,erp
PO10736,A1736,smartphones,40153,buyer_theta,supplier_09,lender_north,919.01,0.0337,0.8243,0.8909,90,1786027844.859112,erp
PO10737,A1737,textile rolls,11483,buyer_theta,supplier_05,lender_north,611.55,0.1565,0.7489,0.7516,45,1785808685.859116,erp
PO10738,A1738,LED panels,8276,buyer_gamma,supplier_05,lender_prime,982.4,0.3536,0.9121,0.8821,30,1786547103.8591201,erp
PO10739,A1739,laptop batteries,865,buyer_zeta,supplier_02,lender_atlas,434.32,0.0481,0.7886,0.7462,90,1787310073.859124,erp
PO10740,A1740,laptop batteries,28226,buyer_theta,supplier_12,lender_delta,1082.69,0.4944,0.6386,0.8824,30,1785708875.859128,erp
PO10741,A1741,medical devices,36109,buyer_delta,supplier_03,lender_prime,894.97,0.2025,0.9138,0.6054,30,1785680835.859133,erp
PO10742,A1742,steel coils,34492,buyer_gamma,supplier_08,lender_prime,811.58,0.161,0.6941,0.6396,45,1787535887.859137,erp
PO10743,A1743,medical devices,36793,buyer_theta,supplier_07,lender_north,886.29,0.3129,0.9053,0.5735,45,1787791604.859141,erp
PO10744,A1744,laptop batteries,10670,buyer_zeta,supplier_03,lender_north,899.55,0.4455,0.7503,0.9037,45,1785491705.859145,erp
PO10745,A1745,LED panels,20689,buyer_delta,supplier_06,lender_atlas,524.74,0.2079,0.8049,0.8759,90,1785350744.8591502,erp
PO10746,A1746,steel coils,40058,buyer_beta,supplier_03,lender_delta,43.12,0.4127,0.6858,0.7314,45,1785483428.859154,erp
PO10747,A1747,laptop batteries,2340,buyer_delta,supplier_03,lender_prime,196.27,0.2963,0.6053,0.8118,90,1786449232.859158,erp
PO10748,A1748,medical devices,47819,buyer_delta,supplier_12,lender_atlas,814.12,0.2036,0.7045,0.7226,60,1787455161.8591628,erp
PO10749,A1749,textile rolls,11182,buyer_theta,supplier_02,lender_north,1051.53,0.4589,0.4874,0.9466,60,1785769469.8591669,erp
PO10750,A1750,LED panels,13366,buyer_delta,supplier_01,lender_prime,708.8,0.3294,0.8915,0.8962,45,1787689947.8591712,erp
PO10751,A1751,auto components,49391,buyer_beta,supplier_10,lender_prime,174.48,0.1967,0.532,0.8737,45,1786104730.859176,erp
PO10752,A1752,laptop batteries,35637,buyer_eta,supplier_06,lender_prime,805.99,0.1765,0.7674,0.635,45,1786500223.85918,erp
PO10753,A1753,medical devices,21906,buyer_alpha,supplier_10,lender_north,214.15,0.1195,0.7065,0.7766,45,1785467153.859184,erp
PO10754,A1754,auto components,6868,buyer_theta,supplier_01,lender_north,1163.91,0.1194,0.8209,0.7444,45,1785903983.859189,erp
PO10755,A1755,steel coils,18714,buyer_delta,supplier_09,lender_prime,232.97,0.2638,0.7982,0.8996,45,1787882574.859193,erp
PO10756,A1756,medical devices,19207,buyer_delta,supplier_12,lender_prime,329.65,0.1135,0.9504,0.8533,45,1786882149.859197,erp
PO10757,A1757,auto components,7474,buyer_epsilon,supplier_08,lender_north,1010.65,0.2754,0.8255,0.3731,30,1786029748.859201,erp
PO10758,A1758,auto components,6396,buyer_eta,supplier_05,lender_delta,227.77,0.2712,0.7119,0.8324,90,1786953068.859206,erp
PO10759,A1759,smartphones,19356,buyer_zeta,supplier_02,lender_atlas,1165.16,0.2425,0.6212,0.7228,90,1787789853.85921,erp
PO10760,A1760,LED panels,858,buyer_delta,supplier_02,lender_atlas,270.8,0.4503,0.8604,0.728,45,1785922048.859214,erp
PO10761,A1761,smartphones,17932,buyer_alpha,supplier_01,lender_delta,521.17,0.087,0.6568,0.9566,60,1785458321.8592188,erp
PO10762,A1762,auto components,36678,buyer_delta,supplier_09,lender_prime,991.84,0.2437,0.7176,0.8398,30,1785441203.8592231,erp
PO10763,A1763,auto components,39686,buyer_epsilon,supplier_11,lender_delta,1117.94,0.1949,0.7726,0.9186,60,1787708399.859227,erp
PO10764,A1764,LED panels,17943,buyer_theta,supplier_08,lender_north,310.63,0.1984,0.5024,0.6619,45,1786107505.859231,erp
PO10765,A1765,laptop batteries,31122,buyer_gamma,supplier_01,lender_prime,638.06,0.5728,0.4137,0.5451,90,1787299447.859236,erp
PO10766,A1766,steel coils,1968,buyer_beta,supplier_02,lender_atlas,1116.25,0.1807,0.9198,0.8233,90,1785788482.859242,erp
PO10767,A1767,smartphones,35830,buyer_zeta,supplier_08,lender_north,111.59,0.0533,0.9106,0.8249,30,1787252365.859246,erp
PO10768,A1768,auto components,39194,buyer_theta,supplier_11,lender_atlas,958.1,0.2539,0.8885,0.5487,60,1786122761.8592498,erp
PO10769,A1769,LED panels,42595,buyer_alpha,supplier_08,lender_north,245.35,0.1484,0.9077,0.7239,45,1786686055.8592541,erp
PO10770,A1770,steel coils,46506,buyer_alpha,supplier_10,lender_atlas,1008.7,0.1733,0.7589,0.829,45,1786422982.8592582,erp
PO10771,A1771,steel coils,18536,buyer_delta,supplier_11,lender_north,40.4,0.4504,0.7433,0.7101,30,1787648396.859263,erp
PO10772,A1772,smartphones,14554,buyer_beta,supplier_05,lender_prime,720.34,0.4473,0.8927,0.9055,30,1787219891.8592682,erp
PO10773,A1773,auto components,20297,buyer_zeta,supplier_05,lender_delta,207.79,0.1382,0.9478,0.6203,30,1785750988.859273,erp
PO10774,A1774,textile rolls,39464,buyer_gamma,supplier_12,lender_prime,674.18,0.4616,0.6262,0.7489,90,1785328702.859277,erp
PO10775,A1775,LED panels,26440,buyer_delta,supplier_12,lender_delta,401.47,0.2265,0.9406,0.8334,90,1786398887.859282,erp
PO10776,A1776,steel coils,46032,buyer_delta,supplier_12,lender_prime,447.46,0.067,0.7302,0.7481,45,1787494891.859286,erp
PO10777,A1777,textile rolls,39788,buyer_epsilon,supplier_06,lender_prime,479.62,0.2527,0.7272,0.8721,60,1786086462.8592908,erp
PO10778,A1778,smartphones,20864,buyer_epsilon,supplier_03,lender_atlas,531.37,0.2487,0.8579,0.8804,60,1786831855.859295,erp
PO10779,A1779,auto components,9072,buyer_eta,supplier_07,lender_north,933.69,0.3238,0.9138,0.7687,45,1786588934.8593001,erp
PO10780,A1780,smartphones,7293,buyer_beta,supplier_07,lender_prime,245.18,0.2158,0.8253,0.9818,90,1785896056.859304,erp
PO10781,A1781,laptop batteries,13337,buyer_theta,supplier_09,lender_prime,240.55,0.3261,0.5473,0.8899,30,1787296641.859308,erp
PO10782,A1782,smartphones,13862,buyer_beta,supplier_03,lender_atlas,305.42,0.4972,0.7733,0.8805,60,1787377835.859312,erp
PO10783,A1783,LED panels,46028,buyer_beta,supplier_11,lender_north,624.02,0.6238,0.8157,0.8675,30,1787327390.859317,erp
PO10784,A1784,medical devices,29824,buyer_delta,supplier_03,lender_atlas,932.91,0.2894,0.471,0.646,90,1787202495.859321,erp
PO10785,A1785,auto components,36878,buyer_alpha,supplier_04,lender_delta,834.7,0.4999,0.9437,0.8552,45,1786551209.859325,erp
PO10786,A1786,LED panels,15536,buyer_gamma,supplier_05,lender_atlas,1023.41,0.3955,0.8194,0.8706,60,1786816905.85933,erp
PO10787,A1787,smartphones,35347,buyer_epsilon,supplier_07,lender_north,990.56,0.5255,0.9185,0.7033,30,1787297443.859334,erp
PO10788,A1788,LED panels,43823,buyer_theta,supplier_09,lender_atlas,1053.99,0.3702,0.9112,0.7845,90,1787475405.859338,erp
PO10789,A1789,medical devices,9513,buyer_epsilon,supplier_08,lender_atlas,477.14,0.3112,0.4142,0.9144,30,1787281235.859342,erp
PO10790,A1790,medical devices,36525,buyer_beta,supplier_11,lender_delta,74.9,0.0686,0.923,0.6442,30,1787789364.8593469,erp
PO10791,A1791,steel coils,8475,buyer_theta,supplier_12,lender_prime,675.38,0.3918,0.5969,0.5744,45,1787096520.859352,erp
PO10792,A1792,steel coils,39081,buyer_zeta,supplier_05,lender_atlas,1005.19,0.3694,0.8104,0.8614,30,1786524333.8593569,erp
PO10793,A1793,smartphones,29067,buyer_alpha,supplier_12,lender_delta,1168.04,0.3087,0.913,0.7104,60,1785945409.859361,erp
PO10794,A1794,LED panels,1485,buyer_alpha,supplier_09,lender_atlas,936.69,0.3927,0.6444,0.511,90,1785573809.8593652,erp
PO10795,A1795,LED panels,45203,buyer_beta,supplier_08,lender_delta,946.64,0.482,0.9703,0.8582,60,1786007827.859371,erp
PO10796,A1796,smartphones,20339,buyer_gamma,supplier_07,lender_prime,681.82,0.0377,0.8402,0.6688,45,1785866371.859375,erp
PO10797,A1797,LED panels,12616,buyer_epsilon,supplier_07,lender_prime,152.02,0.3376,0.9057,0.6247,60,1786377390.859381,erp
PO10798,A1798,smartphones,36777,buyer_epsilon,supplier_03,lender_atlas,829.98,0.4093,0.746,0.8125,60,1786194655.8593862,erp
PO10799,A1799,steel coils,11751,buyer_epsilon,supplier_01,lender_north,999.65,0.095,0.9146,0.8994,90,1786906170.85939,erp
PO10800,A1800,steel coils,5250,buyer_beta,supplier_03,lender_delta,1132.25,0.472,0.6843,0.7962,90,1787691051.859395,erp
PO10801,A1801,smartphones,2651,buyer_gamma,supplier_04,lender_delta,122.22,0.528,0.7207,0.8618,45,1785534144.8594,erp
PO10802,A1802,LED panels,36894,buyer_theta,supplier_07,lender_north,1043.64,0.294,0.731,0.9351,60,1785656060.859404,erp
PO10803,A1803,auto components,48036,buyer_beta,supplier_04,lender_prime,81.21,0.1475,0.9339,0.5309,60,1785716466.859408,erp
PO10804,A1804,auto components,10421,buyer_delta,supplier_06,lender_delta,654.73,0.22,0.7432,0.8514,60,1786211921.859413,erp
PO10805,A1805,smartphones,22182,buyer_gamma,supplier_09,lender_atlas,101.56,0.3878,0.9312,0.9384,60,1787464978.8594172,erp
PO10806,A1806,medical devices,46364,buyer_alpha,supplier_08,lender_atlas,887.52,0.5235,0.9481,0.6258,30,1786210954.859423,erp
PO10807,A1807,textile rolls,18066,buyer_zeta,supplier_04,lender_prime,831.8,0.2153,0.8996,0.7251,60,1786068215.8594282,erp
PO10808,A1808,steel coils,19015,buyer_zeta,supplier_01,lender_prime,1148.8,0.2173,0.7316,0.5978,45,1786117482.859433,erp
PO10809,A1809,LED panels,46291,buyer_alpha,supplier_09,lender_atlas,114.71,0.167,0.6721,0.8935,30,1787774864.8594382,erp
PO10810,A1810,steel coils,37815,buyer_alpha,supplier_07,lender_prime,787.19,0.1256,0.4866,0.7427,60,1787388783.859442,erp
PO10811,A1811,laptop batteries,37873,buyer_delta,supplier_11,lender_atlas,395.84,0.3977,0.9259,0.751,60,1787470734.859447,erp
PO10812,A1812,textile rolls,12543,buyer_theta,supplier_09,lender_prime,768.17,0.265,0.5369,0.8878,90,1785773430.8594508,erp
PO10813,A1813,smartphones,10426,buyer_epsilon,supplier_04,lender_prime,142.53,0.3356,0.7491,0.957,90,1786607055.859456,erp
PO10814,A1814,smartphones,15635,buyer_gamma,supplier_07,lender_north,526.13,0.0283,0.5912,0.913,30,1787155470.859461,erp
PO10815,A1815,medical devices,11526,buyer_delta,supplier_07,lender_prime,790.56,0.5066,0.7522,0.8607,60,1786520523.859465,erp
PO10816,A1816,LED panels,21009,buyer_beta,supplier_12,lender_delta,840.71,0.4049,0.5241,0.7666,90,1787191350.859469,erp
PO10817,A1817,textile rolls,4000,buyer_epsilon,supplier_06,lender_prime,1194.7,0.1226,0.7912,0.9538,30,1786857551.859474,erp
PO10818,A1818,textile rolls,32434,buyer_beta,supplier_05,lender_atlas,799.61,0.2672,0.4999,0.7569,60,1787288282.859478,erp
PO10819,A1819,laptop batteries,47485,buyer_delta,supplier_03,lender_delta,617.71,0.2095,0.4888,0.9155,45,1787616403.8594828,erp
PO10820,A1820,laptop batteries,39704,buyer_alpha,supplier_11,lender_prime,522.22,0.4443,0.6185,0.7844,60,1787633838.859488,erp
PO10821,A1821,laptop batteries,10385,buyer_eta,supplier_07,lender_prime,969.69,0.1507,0.8041,0.859,30,1786307247.859492,erp
PO10822,A1822,steel coils,10525,buyer_delta,supplier_12,lender_prime,701.58,0.6434,0.8899,0.5408,90,1786472397.8594959,erp
PO10823,A1823,medical devices,40117,buyer_alpha,supplier_05,lender_delta,234.04,0.1612,0.8856,0.6496,30,1785675433.8595011,erp
PO10824,A1824,medical devices,40981,buyer_theta,supplier_10,lender_prime,898.29,0.1479,0.7948,0.7414,45,1786971004.859506,erp
PO10825,A1825,laptop batteries,2776,buyer_delta,supplier_05,lender_north,129.96,0.3233,0.7009,0.7576,90,1786526775.85951,erp
PO10826,A1826,LED panels,47168,buyer_theta,supplier_07,lender_atlas,877.23,0.1897,0.6009,0.7825,45,1787582677.859514,erp
PO10827,A1827,textile rolls,24744,buyer_gamma,supplier_06,lender_prime,661.16,0.7443,0.8808,0.8094,45,1786909412.859519,erp
PO10828,A1828,LED panels,8276,buyer_zeta,supplier_12,lender_atlas,250.65,0.2316,0.8565,0.8763,60,1787018910.859523,erp
PO10829,A1829,LED panels,27543,buyer_alpha,supplier_08,lender_north,803.03,0.1439,0.4284,0.9016,30,1786369341.8595269,erp
PO10830,A1830,LED panels,18905,buyer_theta,supplier_02,lender_atlas,221.45,0.2644,0.5505,0.8125,45,1787808177.859531,erp
PO10831,A1831,medical devices,10172,buyer_eta,supplier_06,lender_north,1089.73,0.2691,0.938,0.908,90,1785661974.859536,erp
PO10832,A1832,textile rolls,21830,buyer_beta,supplier_01,lender_prime,82.19,0.5528,0.884,0.7683,45,1786245040.85954,erp
PO10833,A1833,laptop batteries,2799,buyer_beta,supplier_08,lender_north,181.08,0.1762,0.961,0.7978,45,1786347663.859545,erp
PO10834,A1834,medical devices,14472,buyer_zeta,supplier_11,lender_north,212.1,0.0842,0.758,0.6308,45,1786429410.859549,erp
PO10835,A1835,laptop batteries,28236,buyer_delta,supplier_03,lender_delta,141.04,0.2292,0.783,0.6389,45,1786315769.859553,erp
PO10836,A1836,smartphones,32703,buyer_alpha,supplier_02,lender_prime,220.93,0.0432,0.6168,0.4487,90,1786814868.8595572,erp
PO10837,A1837,steel coils,13627,buyer_epsilon,supplier_07,lender_atlas,553.43,0.2651,0.7832,0.6133,45,1787165094.859562,erp
PO10838,A1838,smartphones,25208,buyer_zeta,supplier_07,lender_north,992.42,0.4146,0.8702,0.6101,90,1786757653.859566,erp
PO10839,A1839,smartphones,32322,buyer_beta,supplier_04,lender_atlas,305.77,0.4305,0.9044,0.6903,90,1786952860.85957,erp
PO10840,A1840,textile rolls,25804,buyer_theta,supplier_11,lender_prime,404.04,0.2055,0.5619,0.765,60,1786530453.859576,erp
PO10841,A1841,smartphones,37827,buyer_eta,supplier_05,lender_prime,708.43,0.1996,0.9446,0.6012,90,1787511309.8595798,erp
PO10842,A1842,medical devices,6385,buyer_gamma,supplier_12,lender_north,396.68,0.3916,0.749,0.6985,45,1787361331.859585,erp
PO10843,A1843,steel coils,44733,buyer_theta,supplier_11,lender_prime,574.04,0.1975,0.8906,0.6716,60,1787062849.859589,erp
PO10844,A1844,smartphones,41785,buyer_beta,supplier_10,lender_delta,421.43,0.118,0.9278,0.8518,60,1785552794.859593,erp
PO10845,A1845,steel coils,951,buyer_theta,supplier_05,lender_prime,41.38,0.2595,0.8423,0.8482,30,1786836707.859597,erp
PO10846,A1846,smartphones,27153,buyer_zeta,supplier_01,lender_north,449.48,0.6061,0.8206,0.9218,45,1786567581.859603,erp
PO10847,A1847,medical devices,24811,buyer_delta,supplier_01,lender_delta,874.06,0.2089,0.8383,0.8324,60,1785348600.859607,erp
PO10848,A1848,textile rolls,27628,buyer_eta,supplier_06,lender_delta,327.7,0.5786,0.9336,0.7535,60,1786757618.8596108,erp
PO10849,A1849,laptop batteries,38177,buyer_theta,supplier_05,lender_atlas,1057.41,0.1441,0.9547,0.7714,60,1787495937.859616,erp
PO10850,A1850,smartphones,1022,buyer_delta,supplier_03,lender_delta,189.74,0.3681,0.7329,0.8464,45,1787387296.85962,erp
PO10851,A1851,smartphones,3312,buyer_alpha,supplier_04,lender_atlas,362.64,0.2165,0.9312,0.6209,90,1787116119.859624,erp
PO10852,A1852,textile rolls,41656,buyer_zeta,supplier_10,lender_delta,1158.06,0.2121,0.8783,0.8072,30,1787610358.8596292,erp
PO10853,A1853,LED panels,24812,buyer_delta,supplier_09,lender_prime,1066.62,0.1563,0.8059,0.7663,90,1785648290.859633,erp
PO10854,A1854,LED panels,43172,buyer_alpha,supplier_01,lender_atlas,864.48,0.1522,0.8102,0.4263,30,1787229135.859638,erp
PO10855,A1855,LED panels,18871,buyer_gamma,supplier_09,lender_delta,493.38,0.1071,0.934,0.9212,90,1785508433.859642,erp
PO10856,A1856,laptop batteries,1152,buyer_beta,supplier_04,lender_north,65.48,0.1554,0.4914,0.8624,60,1786592359.8596458,erp
PO10857,A1857,smartphones,11874,buyer_delta,supplier_12,lender_atlas,784.44,0.0836,0.8951,0.5961,45,1787718622.8596501,erp
PO10858,A1858,textile rolls,30545,buyer_gamma,supplier_09,lender_prime,1138.0,0.3395,0.743,0.6854,60,1785622318.859655,erp
PO10859,A1859,auto components,7157,buyer_theta,supplier_12,lender_delta,784.94,0.4373,0.6355,0.5842,90,1787268072.859659,erp
PO10860,A1860,laptop batteries,22748,buyer_theta,supplier_11,lender_prime,248.66,0.2271,0.9092,0.6848,45,1787496060.859664,erp
PO10861,A1861,smartphones,3589,buyer_gamma,supplier_02,lender_prime,655.86,0.3508,0.9669,0.7844,45,1785405054.859668,erp
PO10862,A1862,smartphones,39019,buyer_gamma,supplier_06,lender_atlas,845.56,0.0795,0.9076,0.8648,45,1787824330.859672,erp
PO10863,A1863,laptop batteries,9959,buyer_zeta,supplier_05,lender_prime,475.79,0.1525,0.9045,0.8864,30,1786636213.8596768,erp
PO10864,A1864,LED panels,38518,buyer_theta,supplier_09,lender_atlas,53.62,0.2122,0.6862,0.9028,45,1786248123.8596811,erp
PO10865,A1865,medical devices,14210,buyer_eta,supplier_11,lender_north,1139.25,0.3942,0.8769,0.8206,45,1787797851.8596852,erp
PO10866,A1866,medical devices,10832,buyer_zeta,supplier_10,lender_north,727.33,0.0655,0.7189,0.894,45,1786200541.859689,erp
PO10867,A1867,medical devices,19941,buyer_gamma,supplier_10,lender_north,89.58,0.2771,0.9375,0.774,45,1787255708.859694,erp
PO10868,A1868,smartphones,12085,buyer_beta,supplier_11,lender_north,149.46,0.5025,0.715,0.8451,60,1787878973.8596978,erp
PO10869,A1869,smartphones,35289,buyer_beta,supplier_10,lender_atlas,344.09,0.1953,0.5564,0.8497,90,1786229393.859702,erp
PO10870,A1870,medical devices,20868,buyer_epsilon,supplier_07,lender_prime,731.12,0.3368,0.845,0.8082,30,1787536669.8597069,erp
PO10871,A1871,steel coils,10554,buyer_theta,supplier_10,lender_delta,722.23,0.2914,0.9029,0.6412,30,1787652682.859712,erp
PO10872,A1872,laptop batteries,49520,buyer_alpha,supplier_06,lender_north,665.52,0.1256,0.682,0.7986,90,1785330898.8597162,erp
PO10873,A1873,auto components,37498,buyer_gamma,supplier_11,lender_prime,109.18,0.3238,0.8686,0.8864,45,1787014720.85972,erp
PO10874,A1874,medical devices,5959,buyer_theta,supplier_07,lender_atlas,776.6,0.351,0.8441,0.9259,45,1787264019.859725,erp
PO10875,A1875,laptop batteries,47482,buyer_gamma,supplier_04,lender_north,155.01,0.3842,0.8292,0.9788,90,1785846530.8597288,erp
PO10876,A1876,medical devices,3347,buyer_eta,supplier_02,lender_delta,916.4,0.5006,0.9161,0.7447,45,1785645163.859733,erp
PO10877,A1877,medical devices,33102,buyer_epsilon,supplier_06,lender_north,891.93,0.0288,0.5573,0.8728,45,1786556774.8597372,erp
PO10878,A1878,textile rolls,40918,buyer_theta,supplier_04,lender_north,438.38,0.168,0.7901,0.7542,60,1787650413.859742,erp
PO10879,A1879,LED panels,26475,buyer_theta,supplier_10,lender_delta,65.05,0.0186,0.6901,0.6776,60,1787442310.859746,erp
PO10880,A1880,laptop batteries,19438,buyer_eta,supplier_08,lender_delta,642.03,0.2651,0.8579,0.9492,90,1787872779.8597498,erp
PO10881,A1881,smartphones,2557,buyer_zeta,supplier_03,lender_north,502.23,0.2182,0.9498,0.7661,30,1786530739.859755,erp
PO10882,A1882,medical devices,35945,buyer_theta,supplier_05,lender_north,757.87,0.2731,0.8432,0.565,60,1787061630.85976,erp
PO10883,A1883,steel coils,19687,buyer_alpha,supplier_06,lender_prime,687.23,0.1613,0.7633,0.71,30,1787783368.859765,erp
PO10884,A1884,auto components,13872,buyer_beta,supplier_11,lender_delta,471.94,0.1594,0.8188,0.8851,90,1785910793.85977,erp
PO10885,A1885,steel coils,12182,buyer_gamma,supplier_06,lender_north,1129.17,0.1664,0.8245,0.8195,60,1786352543.8597739,erp
PO10886,A1886,steel coils,21881,buyer_delta,supplier_10,lender_north,151.81,0.5329,0.4969,0.6723,30,1787629188.8597791,erp
PO10887,A1887,auto components,42449,buyer_theta,supplier_04,lender_north,774.64,0.1898,0.8415,0.9143,60,1787200020.859784,erp
PO10888,A1888,medical devices,20988,buyer_zeta,supplier_03,lender_prime,511.05,0.3776,0.8988,0.7483,60,1787013320.859788,erp
PO10889,A1889,textile rolls,29228,buyer_zeta,supplier_03,lender_atlas,170.08,0.473,0.9205,0.7273,30,1785692000.859793,erp
PO10890,A1890,smartphones,4998,buyer_delta,supplier_07,lender_north,317.99,0.5739,0.6251,0.8417,45,1787401699.859797,erp
PO10891,A1891,textile rolls,27277,buyer_theta,supplier_12,lender_atlas,1004.81,0.2071,0.8331,0.7551,90,1786057567.859802,erp
PO10892,A1892,LED panels,26549,buyer_eta,supplier_03,lender_prime,1184.85,0.2461,0.68,0.6916,30,1785685958.859806,erp
PO10893,A1893,medical devices,22807,buyer_delta,supplier_11,lender_north,150.43,0.0761,0.779,0.7287,90,1785469753.85981,erp
PO10894,A1894,laptop batteries,37268,buyer_zeta,supplier_08,lender_atlas,995.71,0.3678,0.9619,0.6478,30,1787336973.859815,erp
PO10895,A1895,LED panels,12790,buyer_epsilon,supplier_09,lender_delta,1082.51,0.195,0.8377,0.8935,30,1787566229.859819,erp
PO10896,A1896,laptop batteries,42324,buyer_gamma,supplier_12,lender_prime,283.51,0.4332,0.6257,0.8323,30,1786046654.8598242,erp
PO10897,A1897,smartphones,24774,buyer_theta,supplier_10,lender_atlas,211.46,0.471,0.8429,0.7177,60,1787095801.859828,erp
PO10898,A1898,steel coils,1809,buyer_gamma,supplier_11,lender_prime,181.36,0.4372,0.7193,0.6528,30,1785807606.859832,erp
PO10899,A1899,textile rolls,21978,buyer_beta,supplier_01,lender_prime,1060.01,0.2575,0.5789,0.6578,90,1785530524.8598368,erp
PO10900,A1900,textile rolls,16359,buyer_delta,supplier_04,lender_prime,857.0,0.1379,0.884,0.6981,90,1786910203.859841,erp
PO10901,A1901,laptop batteries,23900,buyer_theta,supplier_10,lender_atlas,956.23,0.1457,0.606,0.9632,90,1786328027.8598452,erp
PO10902,A1902,textile rolls,16842,buyer_eta,supplier_01,lender_atlas,245.42,0.1202,0.7283,0.8091,60,1786196392.859849,erp
PO10903,A1903,textile rolls,8655,buyer_epsilon,supplier_01,lender_prime,259.13,0.3285,0.4621,0.8235,45,1785431422.859854,erp
PO10904,A1904,smartphones,38205,buyer_zeta,supplier_04,lender_delta,707.15,0.0874,0.835,0.8593,90,1786783478.859858,erp
PO10905,A1905,smartphones,46828,buyer_zeta,supplier_06,lender_north,1004.14,0.4142,0.7977,0.73,30,1787062514.859863,erp
PO10906,A1906,LED panels,33522,buyer_epsilon,supplier_04,lender_prime,628.42,0.1272,0.8824,0.8648,30,1785376623.8598669,erp
PO10907,A1907,smartphones,23379,buyer_alpha,supplier_10,lender_north,634.68,0.6057,0.5937,0.9181,30,1786420767.859871,erp
PO10908,A1908,laptop batteries,979,buyer_theta,supplier_08,lender_atlas,919.24,0.2561,0.8361,0.9647,60,1787499998.859875,erp
PO10909,A1909,auto components,18656,buyer_gamma,supplier_03,lender_delta,72.67,0.5143,0.7639,0.5357,45,1786699633.859879,erp
PO10910,A1910,auto components,45975,buyer_alpha,supplier_05,lender_north,239.97,0.0873,0.9088,0.719,45,1787766935.859884,erp
PO10911,A1911,textile rolls,15995,buyer_alpha,supplier_10,lender_delta,1076.18,0.2179,0.9351,0.7595,30,1787119508.859888,erp
PO10912,A1912,steel coils,11750,buyer_alpha,supplier_11,lender_north,148.49,0.1392,0.8147,0.7896,60,1786205124.859892,erp
PO10913,A1913,smartphones,37821,buyer_beta,supplier_08,lender_north,674.7,0.5298,0.4695,0.8855,45,1786478557.8598971,erp
PO10914,A1914,LED panels,18186,buyer_gamma,supplier_04,lender_prime,204.62,0.3192,0.5577,0.8326,60,1786589769.859901,erp
PO10915,A1915,laptop batteries,31323,buyer_beta,supplier_04,lender_delta,131.53,0.1242,0.9109,0.643,30,1787198265.859906,erp
PO10916,A1916,steel coils,46579,buyer_eta,supplier_09,lender_atlas,889.71,0.5198,0.8307,0.6969,60,1787815222.8599098,erp
PO10917,A1917,auto components,43580,buyer_delta,supplier_08,lender_prime,1173.0,0.2863,0.4505,0.8496,45,1787086483.859915,erp
PO10918,A1918,textile rolls,35911,buyer_zeta,supplier_04,lender_atlas,631.44,0.2374,0.8807,0.6954,45,1787853351.859919,erp
PO10919,A1919,smartphones,14140,buyer_zeta,supplier_06,lender_north,42.29,0.05,0.8397,0.7536,60,1787414769.859924,erp
PO10920,A1920,smartphones,38487,buyer_eta,supplier_01,lender_prime,486.0,0.4032,0.8134,0.7768,60,1786655220.8599281,erp
PO10921,A1921,steel coils,31959,buyer_beta,supplier_09,lender_atlas,490.67,0.2891,0.8252,0.5867,60,1786531385.859933,erp
PO10922,A1922,auto components,20753,buyer_gamma,supplier_10,lender_north,1168.42,0.1648,0.9498,0.6102,90,1786062082.8599381,erp
PO10923,A1923,smartphones,6758,buyer_gamma,supplier_12,lender_prime,678.62,0.1284,0.9263,0.9582,30,1785830288.859942,erp
PO10924,A1924,textile rolls,9409,buyer_epsilon,supplier_12,lender_delta,303.79,0.1799,0.737,0.7626,60,1786463330.859947,erp
PO10925,A1925,medical devices,26555,buyer_alpha,supplier_05,lender_prime,1064.71,0.1087,0.9054,0.8904,45,1787073382.859951,erp
PO10926,A1926,medical devices,41600,buyer_gamma,supplier_10,lender_delta,119.63,0.4769,0.5857,0.4723,90,1786996798.859957,erp
PO10927,A1927,auto components,2148,buyer_epsilon,supplier_07,lender_prime,761.57,0.2386,0.9267,0.7922,45,1787229922.8599622,erp
PO10928,A1928,medical devices,45024,buyer_zeta,supplier_02,lender_north,998.22,0.3619,0.5736,0.9266,90,1786199852.859966,erp
PO10929,A1929,auto components,18166,buyer_theta,supplier_09,lender_atlas,589.03,0.4405,0.7449,0.9052,60,1787035755.859971,erp
PO10930,A1930,textile rolls,48082,buyer_epsilon,supplier_01,lender_delta,1059.3,0.4524,0.9116,0.4173,30,1787395417.859976,erp
PO10931,A1931,medical devices,40638,buyer_beta,supplier_11,lender_delta,937.97,0.4083,0.9021,0.9029,60,1785453615.859981,erp
PO10932,A1932,smartphones,27052,buyer_eta,supplier_09,lender_delta,341.22,0.5824,0.9227,0.5799,90,1787896777.8599858,erp
PO10933,A1933,laptop batteries,7085,buyer_delta,supplier_08,lender_delta,101.33,0.0675,0.9791,0.9349,90,1787499534.859992,erp
PO10934,A1934,LED panels,27693,buyer_theta,supplier_11,lender_prime,945.58,0.1163,0.7555,0.7127,90,1785717030.8599958,erp
PO10935,A1935,smartphones,41701,buyer_zeta,supplier_06,lender_prime,129.37,0.3173,0.5469,0.962,30,1786171616.860002,erp
PO10936,A1936,smartphones,36710,buyer_beta,supplier_07,lender_prime,943.87,0.3788,0.7396,0.7595,45,1787745249.8600059,erp
PO10937,A1937,LED panels,7449,buyer_theta,supplier_07,lender_prime,251.19,0.2946,0.7423,0.8348,90,1785601256.860012,erp
PO10938,A1938,textile rolls,26610,buyer_zeta,supplier_08,lender_delta,63.11,0.4824,0.6165,0.8219,90,1786663649.8600168,erp
PO10939,A1939,smartphones,789,buyer_gamma,supplier_07,lender_delta,1116.18,0.1321,0.7783,0.9081,30,1786989971.860022,erp
PO10940,A1940,textile rolls,7521,buyer_alpha,supplier_01,lender_delta,736.8,0.5034,0.9045,0.7277,60,1786218684.8600261,erp
PO10941,A1941,medical devices,40769,buyer_delta,supplier_04,lender_atlas,309.9,0.3373,0.5926,0.8325,60,1786568188.860031,erp
PO10942,A1942,LED panels,5504,buyer_beta,supplier_03,lender_delta,1092.82,0.2628,0.8458,0.9463,90,1787240012.8600361,erp
PO10943,A1943,steel coils,1736,buyer_delta,supplier_12,lender_north,382.94,0.1205,0.7434,0.6463,90,1787400541.86004,erp
PO10944,A1944,auto components,17773,buyer_zeta,supplier_07,lender_delta,656.61,0.2902,0.4795,0.8172,90,1787154903.860045,erp
PO10945,A1945,laptop batteries,37372,buyer_eta,supplier_01,lender_north,425.5,0.4061,0.9537,0.6422,45,1787311145.86005,erp
PO10946,A1946,auto components,46795,buyer_theta,supplier_02,lender_north,1133.97,0.1223,0.7055,0.6069,90,1785434173.860055,erp
PO10947,A1947,smartphones,45976,buyer_delta,supplier_03,lender_atlas,945.0,0.4665,0.6402,0.8975,60,1786188426.86006,erp
PO10948,A1948,medical devices,31543,buyer_theta,supplier_01,lender_delta,619.78,0.2162,0.9376,0.8407,45,1787178503.860065,erp
PO10949,A1949,smartphones,7474,buyer_gamma,supplier_08,lender_prime,1009.66,0.4673,0.8544,0.7278,45,1787479972.86007,erp
PO10950,A1950,smartphones,14087,buyer_eta,supplier_10,lender_north,257.13,0.6519,0.8067,0.7834,90,1787100585.860076,erp
PO10951,A1951,textile rolls,45408,buyer_theta,supplier_01,lender_prime,1131.98,0.2615,0.7557,0.8375,90,1786097253.8600802,erp
PO10952,A1952,smartphones,35884,buyer_delta,supplier_09,lender_north,1151.17,0.0883,0.8039,0.8893,45,1785845490.860085,erp
PO10953,A1953,auto components,6202,buyer_gamma,supplier_09,lender_north,1077.98,0.1295,0.7917,0.8853,60,1786421613.86009,erp
PO10954,A1954,steel coils,17852,buyer_delta,supplier_10,lender_atlas,67.14,0.3683,0.3543,0.705,45,1787777729.860096,erp
PO10955,A1955,LED panels,38014,buyer_epsilon,supplier_05,lender_prime,718.35,0.2011,0.8726,0.7593,60,1786724517.8601012,erp
PO10956,A1956,medical devices,2688,buyer_zeta,supplier_12,lender_north,1032.17,0.2209,0.723,0.6742,30,1786459690.860106,erp
PO10957,A1957,laptop batteries,18159,buyer_delta,supplier_02,lender_atlas,144.94,0.4538,0.8845,0.7908,45,1787639351.860111,erp
PO10958,A1958,laptop batteries,39513,buyer_alpha,supplier_07,lender_atlas,783.46,0.3405,0.7071,0.833,90,1786764826.860116,erp
PO10959,A1959,laptop batteries,44263,buyer_theta,supplier_06,lender_delta,332.17,0.0805,0.7319,0.8932,60,1787658150.860121,erp
PO10960,A1960,medical devices,7439,buyer_delta,supplier_03,lender_prime,450.45,0.2213,0.7568,0.6146,45,1786819944.860126,erp
PO10961,A1961,laptop batteries,25034,buyer_theta,supplier_10,lender_atlas,1037.56,0.1208,0.8,0.737,60,1785637975.86013,erp
PO10962,A1962,smartphones,28773,buyer_theta,supplier_08,lender_delta,775.49,0.2231,0.8396,0.4851,90,1786761187.8601348,erp
PO10963,A1963,textile rolls,42216,buyer_alpha,supplier_09,lender_atlas,892.88,0.2714,0.7362,0.837,45,1786576868.86014,erp
PO10964,A1964,auto components,38878,buyer_zeta,supplier_02,lender_delta,235.78,0.1518,0.6235,0.736,60,1787158207.8601449,erp
PO10965,A1965,auto components,11610,buyer_alpha,supplier_02,lender_north,324.99,0.1649,0.7767,0.9411,60,1786477006.860149,erp
PO10966,A1966,textile rolls,28700,buyer_alpha,supplier_10,lender_north,254.73,0.4777,0.6717,0.701,45,1786664963.8601549,erp
PO10967,A1967,smartphones,39289,buyer_theta,supplier_02,lender_north,483.49,0.2706,0.6251,0.7685,60,1787871057.860162,erp
PO10968,A1968,textile rolls,15459,buyer_alpha,supplier_10,lender_delta,241.22,0.1183,0.9263,0.9674,60,1786726889.8601658,erp
PO10969,A1969,textile rolls,9492,buyer_beta,supplier_07,lender_north,869.88,0.1712,0.8138,0.8076,45,1786861553.860171,erp
PO10970,A1970,LED panels,3449,buyer_epsilon,supplier_03,lender_atlas,1060.8,0.43,0.5786,0.9331,45,1786046648.8601758,erp
PO10971,A1971,auto components,18019,buyer_epsilon,supplier_05,lender_prime,931.56,0.1439,0.6667,0.7327,90,1787340511.860181,erp
PO10972,A1972,LED panels,3217,buyer_eta,supplier_09,lender_atlas,838.33,0.1036,0.9913,0.8191,60,1785439858.860186,erp
PO10973,A1973,LED panels,14942,buyer_alpha,supplier_01,lender_delta,659.01,0.2114,0.8714,0.7735,90,1786440467.8601909,erp
PO10974,A1974,steel coils,31128,buyer_eta,supplier_05,lender_north,828.15,0.2115,0.9422,0.7992,45,1785494811.860196,erp
PO10975,A1975,auto components,34383,buyer_beta,supplier_01,lender_atlas,428.04,0.2602,0.7703,0.7355,60,1786132592.860201,erp
PO10976,A1976,smartphones,26475,buyer_delta,supplier_04,lender_delta,787.75,0.3181,0.8042,0.8165,90,1786534024.860207,erp
PO10977,A1977,auto components,22093,buyer_delta,supplier_09,lender_prime,489.16,0.5016,0.6304,0.976,60,1787822471.860211,erp
PO10978,A1978,laptop batteries,9609,buyer_epsilon,supplier_10,lender_prime,845.58,0.0703,0.8594,0.7568,30,1786227327.8602161,erp
PO10979,A1979,medical devices,1471,buyer_gamma,supplier_10,lender_delta,262.32,0.3596,0.7736,0.8552,45,1786935488.860221,erp
PO10980,A1980,steel coils,48835,buyer_theta,supplier_02,lender_prime,659.32,0.2147,0.7423,0.8881,30,1787440590.8602262,erp
PO10981,A1981,auto components,37565,buyer_epsilon,supplier_06,lender_delta,561.58,0.0752,0.7373,0.7211,45,1787686591.860231,erp
PO10982,A1982,medical devices,49021,buyer_gamma,supplier_12,lender_prime,580.45,0.2847,0.6878,0.7528,30,1787482527.860235,erp
PO10983,A1983,auto components,17054,buyer_eta,supplier_11,lender_north,1085.45,0.7871,0.9625,0.9297,45,1787783965.86024,erp
PO10984,A1984,medical devices,4798,buyer_alpha,supplier_09,lender_delta,224.83,0.1061,0.8925,0.9206,60,1785544797.860245,erp
PO10985,A1985,medical devices,31100,buyer_gamma,supplier_11,lender_atlas,143.03,0.413,0.9383,0.8756,30,1787179388.86025,erp
PO10986,A1986,medical devices,17838,buyer_eta,supplier_04,lender_atlas,352.42,0.174,0.6263,0.3025,45,1786663378.860255,erp
PO10987,A1987,textile rolls,14586,buyer_gamma,supplier_11,lender_delta,732.14,0.4238,0.727,0.7192,90,1787911130.86026,erp
PO10988,A1988,laptop batteries,25104,buyer_gamma,supplier_05,lender_atlas,194.23,0.6408,0.815,0.8325,30,1786894840.8602638,erp
PO10989,A1989,textile rolls,33924,buyer_eta,supplier_12,lender_north,177.87,0.2367,0.7373,0.7949,60,1785459400.860269,erp
PO10990,A1990,textile rolls,38607,buyer_beta,supplier_03,lender_atlas,697.66,0.1598,0.7944,0.7914,30,1786304450.8602738,erp
PO10991,A1991,smartphones,30234,buyer_eta,supplier_07,lender_delta,245.23,0.1138,0.6609,0.8499,90,1785351993.860279,erp
PO10992,A1992,auto components,28931,buyer_gamma,supplier_06,lender_prime,389.29,0.329,0.9206,0.9024,90,1787873070.8602839,erp
PO10993,A1993,smartphones,19478,buyer_alpha,supplier_01,lender_atlas,97.62,0.5119,0.6294,0.9062,45,1785747637.860288,erp
PO10994,A1994,laptop batteries,42152,buyer_theta,supplier_06,lender_delta,193.58,0.2725,0.5916,0.7593,45,1787681106.8602931,erp
PO10995,A1995,textile rolls,15712,buyer_gamma,supplier_04,lender_prime,701.46,0.2368,0.4929,0.6528,30,1787557106.860298,erp
PO10996,A1996,textile rolls,16622,buyer_theta,supplier_11,lender_prime,560.34,0.2252,0.776,0.7244,45,1786580620.8603032,erp
PO10997,A1997,medical devices,13225,buyer_delta,supplier_02,lender_delta,806.15,0.4723,0.9378,0.9201,45,1787725661.860308,erp
PO10998,A1998,textile rolls,41264,buyer_gamma,supplier_12,lender_prime,725.31,0.2848,0.7817,0.6483,45,1786968572.8603132,erp
PO10999,A1999,smartphones,45839,buyer_zeta,supplier_02,lender_delta,519.71,0.1705,0.548,0.8531,60,1787585284.860317,erp
